1,78.7321,-79.1367,906.457
2,78.9959,-79.7315,906.715
3,79.3347,-80.2831,907.081
4,79.491,-80.7894,907.196
5,79.6966,-81.1882,907.462
6,79.9881,-81.6022,907.5
7,80.1575,-82.294,907.754
8,80.4937,-82.6716,907.837
9,80.7986,-83.0365,907.97
10,80.6714,-82.6963,909.435
11,80.9805,-83.1711,909.253
12,81.2082,-83.6614,909.265
13,81.478,-84.1781,909.313
14,81.7045,-84.4557,909.451
15,82.0825,-84.9549,909.265
16,82.3169,-85.2723,909.327
17,82.4921,-85.6273,909.335
18,82.6337,-86.0856,909.253
19,82.7619,-86.6078,909.178
20,82.7904,-86.9363,909.323
21,82.9106,-87.3951,909.249
22,82.9859,-87.8554,909.129
23,83.0617,-88.2473,909.089
24,83.2307,-88.8035,908.868
25,83.2979,-89.2212,908.781
26,83.3645,-89.5435,908.723
27,83.5693,-90.0102,908.595
28,83.7544,-90.3912,908.475
29,83.9137,-90.738,908.326
30,84.0353,-91.123,908.285
31,84.1835,-91.5497,908.126
32,84.3705,-91.9048,908.073
33,84.5485,-92.1974,907.981
34,84.7087,-92.5545,907.732
35,84.9442,-92.999,907.494
36,85.1423,-93.3927,907.286
37,85.2176,-93.7878,907.073
38,85.3933,-94.1319,906.91
39,85.5038,-94.3815,906.774
40,85.6075,-94.7038,906.518
41,85.6631,-95.07,906.256
42,85.7381,-95.3637,906.037
43,85.8157,-95.8925,905.642
44,85.8162,-96.2625,905.406
45,85.8369,-96.5906,905.182
46,85.8575,-96.8971,904.986
47,85.9947,-97.1406,904.792
48,86.1358,-97.6733,904.457
49,86.2505,-98.0717,904.034
50,86.358,-98.2371,903.757
51,86.4845,-98.6407,903.334
52,86.5899,-98.9186,903.119
53,86.7712,-99.162,902.847
54,86.8584,-99.3948,902.533
55,87.0238,-99.6137,902.113
56,87.155,-99.7259,901.8
57,87.3068,-99.8538,901.415
58,87.426,-100.197,900.966
59,87.5269,-100.371,900.664
60,87.6659,-100.636,900.177
61,87.6867,-100.863,899.746
62,87.8475,-101.115,899.287
63,87.9184,-101.245,899.003
64,87.9978,-101.635,898.608
65,88.0292,-101.91,898.18
66,88.0602,-102.203,897.799
67,88.116,-102.381,897.488
68,88.2422,-102.652,897.037
69,88.377,-102.921,896.582
70,88.5016,-103.133,896.315
71,88.662,-103.26,895.846
72,88.7843,-103.322,895.517
73,89.0296,-103.483,895.052
74,89.3268,-103.591,894.702
75,89.5234,-103.669,894.316
76,89.7971,-103.694,893.927
77,90.0505,-103.747,893.655
78,90.1974,-103.785,893.386
79,90.3677,-103.863,893.057
80,90.5168,-103.903,892.686
81,90.6175,-104.038,892.307
82,90.7248,-104.087,891.937
83,90.8398,-104.189,891.566
84,90.9551,-104.256,891.069
85,91.0356,-104.248,890.678
86,91.0335,-104.173,890.464
87,91.2265,-104.28,890.034
88,91.3303,-104.322,889.73
89,91.5018,-104.37,889.386
90,91.7236,-104.377,889.046
91,91.8722,-104.318,888.711
92,92.0737,-104.227,888.44
93,92.2799,-104.225,888.085
94,92.5247,-104.196,887.673
95,92.7528,-104.02,887.425
96,92.9487,-104.173,886.9
97,93.0933,-104.12,886.49
98,93.2173,-104.014,886.217
99,93.4009,-103.947,885.9
100,93.5424,-103.852,885.579
101,93.6301,-103.921,885.197
102,93.7222,-103.921,884.832
103,93.8633,-103.807,884.496
104,93.991,-103.655,884.243
105,94.0882,-103.635,883.729
106,94.2425,-103.54,883.4
107,94.3621,-103.458,883.024
108,94.4663,-103.509,882.567
109,94.6192,-103.41,882.225
110,94.7711,-103.264,881.854
111,94.8819,-103.088,881.517
112,94.935,-102.859,881.177
113,95.0492,-102.764,880.948
114,95.1684,-102.681,880.661
115,95.2844,-102.578,880.374
116,95.3477,-102.548,880.078
117,95.4843,-102.487,879.722
118,95.6036,-102.207,879.478
119,95.703,-102.027,879.141
120,95.7949,-102.004,878.76
121,95.8899,-101.875,878.454
122,95.9395,-101.629,878.184
123,95.9597,-101.371,877.919
124,96.0262,-101.341,877.602
125,96.0101,-101.125,877.342
126,96.0303,-100.919,877.095
127,96.015,-100.792,876.836
128,96.034,-100.599,876.641
129,96.0155,-100.567,876.26
130,96.0433,-100.386,876.008
131,96.0666,-100.18,875.765
132,96.2118,-100.128,875.372
133,96.2841,-99.9411,875.074
134,96.3799,-99.8299,874.772
135,96.3544,-99.5565,874.62
136,96.3351,-99.4127,874.324
137,96.2799,-99.2232,874.105
138,96.2346,-99.172,873.913
139,96.1915,-99.1184,873.649
140,96.1666,-99.0005,873.475
141,96.1357,-98.845,873.233
142,96.0124,-98.8146,873.119
143,95.955,-98.6723,872.734
144,95.8842,-98.5554,872.409
145,95.7951,-98.3751,872.202
146,95.7297,-98.1407,872.056
147,95.7054,-98.1376,871.815
148,95.7192,-98.0488,871.43
149,95.6853,-97.7536,871.321
150,95.6529,-97.6579,871.164
151,95.6266,-97.5581,870.855
152,95.5956,-97.4735,870.693
153,95.4969,-97.3307,870.451
154,95.8754,-98.2586,869.141
155,95.7962,-98.027,868.997
156,95.7029,-97.9866,868.774
157,95.6064,-97.812,868.68
158,95.488,-97.8029,868.493
159,95.359,-97.7064,868.402
160,95.2733,-97.6582,868.218
161,95.1609,-97.5665,868.048
162,95.102,-97.4009,867.945
163,95.0681,-97.3231,867.725
164,95.021,-97.2861,867.584
165,94.8753,-97.1882,867.444
166,94.8987,-97.0979,867.296
167,94.813,-97.0368,867.015
168,94.7027,-96.8972,866.91
169,94.6766,-96.7735,866.753
170,94.568,-96.7007,866.535
171,94.5473,-96.6131,866.415
172,94.4312,-96.5697,866.106
173,94.2941,-96.3974,866.006
174,94.156,-96.3715,865.758
175,94.0884,-96.3221,865.476
176,93.9937,-96.1954,865.347
177,93.911,-96.1859,865.1
178,93.7855,-96.2167,864.894
179,93.8071,-96.2203,864.625
180,93.7198,-96.2447,864.373
181,93.692,-96.2061,864.166
182,93.647,-96.0561,864.032
183,93.6725,-96.1031,863.777
184,93.6969,-96.0645,863.581
185,93.8228,-95.9787,863.486
186,93.671,-95.8912,863.29
187,93.5517,-95.749,863.028
188,93.5115,-95.7204,862.732
189,93.5426,-95.6455,862.615
190,93.4988,-95.5815,862.475
191,93.4874,-95.4992,862.421
192,93.4649,-95.463,862.294
193,93.4056,-95.4623,862.064
194,93.2925,-95.5163,861.697
195,93.27,-95.463,861.528
196,93.1472,-95.4886,861.277
197,93.1227,-95.4943,861.094
198,93.1352,-95.5036,860.788
199,93.0945,-95.4831,860.554
200,93.1426,-95.295,860.367
201,93.1376,-95.2156,860.18
202,93.1663,-95.1466,859.883
203,93.1147,-95.0502,859.717
204,93.1217,-94.9617,859.57
205,93.1511,-94.8663,859.321
206,93.1567,-94.8218,859.083
207,93.1615,-94.7604,858.766
208,93.1693,-94.6688,858.624
209,93.1923,-94.6829,858.391
210,93.1737,-94.6872,858.235
211,93.1655,-94.6054,858.085
212,93.1734,-94.5298,857.807
213,93.0352,-94.3971,857.731
214,92.9178,-94.2177,857.624
215,92.7799,-94.1115,857.514
216,92.7275,-93.9785,857.403
217,92.6576,-93.9191,857.28
218,92.6066,-93.7094,857.178
219,92.6079,-93.6549,856.892
220,92.5715,-93.4474,856.79
221,92.4835,-93.4336,856.573
222,92.3426,-93.327,856.446
223,92.3056,-93.2238,856.302
224,92.2259,-93.1155,856.119
225,92.2446,-92.9943,855.956
226,92.1903,-92.7218,855.896
227,92.1629,-92.5656,855.718
228,92.1284,-92.4306,855.595
229,92.061,-92.2406,855.505
230,91.9885,-92.0472,855.359
231,91.9756,-91.7988,855.259
232,91.7742,-91.6955,855.152
233,91.6895,-91.561,855.041
234,91.5568,-91.6151,854.835
235,91.3761,-91.5592,854.79
236,91.1831,-91.4576,854.655
237,91.0587,-91.3454,854.596
238,90.8754,-91.1266,854.582
239,90.7535,-91.0595,854.468
240,90.6036,-90.9827,854.364
241,90.4648,-90.8735,854.191
242,90.299,-90.6531,854.147
243,90.1584,-90.4479,854.035
244,89.9831,-90.1926,853.96
245,89.8511,-89.961,853.915
246,89.708,-89.724,853.817
247,89.5944,-89.4773,853.726
248,89.4627,-89.2912,853.68
249,89.3298,-89.0822,853.653
250,89.1813,-88.8617,853.756
251,89.0324,-88.6474,853.939
252,88.9068,-88.389,854.165
253,88.7492,-87.9536,854.626
254,88.6325,-87.5825,855.023
255,88.5273,-87.312,855.587
256,88.4653,-87.0405,856.281
257,88.3315,-86.5812,857.323
258,88.1861,-86.1754,858.382
259,88.1434,-85.7765,859.474
260,88.0732,-85.515,860.784
261,87.9457,-85.2008,862.337
262,87.8876,-84.8188,863.847
263,87.8348,-84.4466,865.545
264,87.7129,-84.0119,867.424
265,87.5739,-83.7194,869.198
266,87.3999,-83.5266,871.18
267,87.2371,-83.1773,873.348
268,87.1686,-82.8058,875.468
269,87.1624,-82.4437,877.757
270,86.9994,-81.9094,880.073
271,86.9881,-81.4809,882.374
272,86.9119,-81.0122,884.737
273,86.9142,-80.411,887.284
274,86.8908,-79.9735,889.829
275,86.7322,-79.4711,892.377
276,86.7097,-78.8587,895.164
277,86.7095,-78.354,897.586
278,86.7078,-77.8781,900.31
279,86.6969,-77.2502,902.777
280,86.6013,-76.724,905.753
281,86.4792,-76.2579,908.276
282,86.4927,-75.5893,911.193
283,86.3947,-75.0462,913.806
284,86.3742,-74.6565,916.47
285,86.2017,-73.8529,919.455
286,86.1641,-73.4887,921.914
287,86.1909,-72.9757,924.693
288,86.0531,-72.2767,927.336
289,86.1035,-71.5836,930.114
290,85.9574,-70.8499,932.822
291,86.0459,-70.274,935.267
292,86.0571,-69.5158,937.894
293,86.0826,-68.7454,940.503
294,86.041,-68.1167,943.049
295,86.036,-67.4311,945.503
296,86.036,-66.818,948.119
297,86.071,-66.1276,950.443
298,86.1191,-65.4835,953.056
299,86.1294,-64.8321,955.26
300,86.121,-64.2346,957.682
301,86.0909,-63.5212,959.991
302,86.0482,-62.6933,962.494
303,86.0495,-61.9809,964.75
304,86.0258,-61.2215,966.936
305,85.9684,-60.5504,969.204
306,85.885,-59.915,971.397
307,85.816,-59.2028,973.558
308,85.6989,-58.4297,975.602
309,85.6895,-57.653,977.778
310,85.6685,-56.8722,979.882
311,85.6021,-56.0752,981.896
312,85.6131,-55.2282,983.994
313,85.5423,-54.395,985.904
314,85.4691,-53.6376,987.841
315,85.4709,-52.9451,989.642
316,85.3977,-52.1955,991.535
317,85.3428,-51.5748,993.403
318,85.3303,-50.8386,995.297
319,85.2129,-50.066,997.14
320,85.1037,-49.392,998.857
321,85.1184,-48.6182,1000.59
322,84.9591,-47.7483,1002.28
323,84.8774,-47.0895,1003.95
324,84.8081,-46.2854,1005.73
325,84.7265,-45.6332,1007.32
326,84.7036,-44.9332,1008.8
327,84.486,-44.0427,1010.6
328,84.4113,-43.2196,1012.2
329,84.3624,-42.5145,1013.65
330,84.2141,-41.6907,1015.3
331,84.2812,-41.0058,1016.71
332,84.0973,-40.4032,1018.24
333,84.0352,-39.7047,1019.79
334,83.947,-39.0094,1021.21
335,83.8992,-38.1413,1022.73
336,83.7361,-37.419,1024.13
337,83.6551,-36.7621,1025.4
338,83.5501,-36.023,1026.75
339,83.3915,-35.2481,1028.32
340,83.3483,-34.6182,1029.48
341,83.1462,-33.925,1030.99
342,82.9738,-33.2191,1032.3
343,82.9053,-32.4283,1033.53
344,82.7559,-31.8409,1034.74
345,82.7422,-31.259,1035.97
346,82.6503,-30.5537,1037.22
347,82.6247,-29.9896,1038.32
348,82.5376,-29.2933,1039.43
349,82.4245,-28.6357,1040.55
350,82.2975,-28.0728,1041.58
351,82.1697,-27.472,1042.81
352,81.9381,-26.7438,1043.92
353,81.8081,-26.1201,1044.96
354,81.6863,-25.6358,1045.81
355,81.5387,-24.9079,1046.86
356,81.3384,-24.2318,1047.92
357,81.2071,-23.5749,1049
358,81.0781,-22.9221,1049.88
359,81.0282,-22.2095,1050.97
360,81.0103,-21.7384,1051.85
361,80.8869,-21.083,1052.82
362,80.8373,-20.4794,1053.75
363,80.8192,-20.0635,1054.6
364,80.8288,-19.5491,1055.53
365,80.7925,-18.9234,1056.25
366,80.7679,-18.4133,1057.08
367,80.691,-17.8709,1057.87
368,80.6855,-17.2731,1058.8
369,80.6944,-16.5627,1059.66
370,80.6677,-16.0527,1060.52
371,80.6149,-15.6037,1061.29
372,80.576,-15.0301,1062.04
373,80.5062,-14.3942,1062.83
374,80.3848,-13.9653,1063.54
375,80.3785,-13.4355,1064.37
376,80.3445,-12.7626,1065.21
377,80.3397,-12.2695,1065.92
378,80.3333,-11.8012,1066.63
379,80.2878,-11.2068,1067.49
380,80.2853,-10.5966,1068.25
381,80.2422,-10.1515,1068.92
382,80.1815,-9.71916,1069.55
383,80.1908,-9.21174,1070.14
384,80.1875,-8.63456,1070.96
385,80.2618,-8.07262,1071.79
386,80.2285,-7.68943,1072.34
387,80.2321,-7.14167,1073
388,80.3214,-6.69395,1073.71
389,80.2844,-6.09979,1074.4
390,80.3238,-5.61063,1075.03
391,80.4021,-5.10357,1075.6
392,80.525,-4.53217,1076.34
393,80.4935,-4.16976,1076.94
394,80.5439,-3.6748,1077.67
395,80.5951,-3.32703,1078.14
396,80.6164,-2.86942,1078.73
397,80.6725,-2.33124,1079.35
398,80.7267,-1.90124,1079.97
399,80.8456,-1.42813,1080.61
400,80.9084,-0.895024,1081.11
401,80.9178,-0.350497,1081.78
402,80.9744,0.142712,1082.34
403,80.998,0.642103,1082.9
404,81.0464,1.12868,1083.47
405,81.1404,1.5755,1083.96
406,81.2259,2.08496,1084.44
407,81.2826,2.48288,1084.96
408,81.4365,2.96593,1085.47
409,81.4596,3.48619,1086.01
410,81.621,3.9773,1086.62
411,81.7871,4.50216,1087.14
412,81.8566,4.92946,1087.67
413,82.0055,5.17958,1088
414,82.1033,5.78549,1088.54
415,82.2294,6.26531,1088.96
416,82.3082,6.73323,1089.38
417,82.3912,7.20459,1089.91
418,82.4217,7.50528,1090.29
419,82.405,7.82488,1090.68
420,82.4707,8.30183,1091.14
421,82.4971,8.88446,1091.74
422,82.4928,9.4492,1092.24
423,82.5475,9.83125,1092.63
424,82.6357,10.1827,1092.99
425,82.5847,10.4569,1093.4
426,82.6123,10.9349,1093.88
427,82.6744,11.278,1094.15
428,82.7286,11.6807,1094.53
429,82.7806,12.0787,1094.94
430,82.8095,12.4829,1095.33
431,82.7599,12.8023,1095.7
432,82.8831,13.2537,1096.02
433,82.9299,13.6402,1096.41
434,83.0316,14.2077,1096.9
435,83.0843,14.6845,1097.25
436,83.0414,14.9891,1097.6
437,83.0445,15.3966,1097.98
438,83.0289,15.8572,1098.35
439,83.0555,16.165,1098.65
440,83.0063,16.4844,1098.93
441,83.0022,16.7334,1099.21
442,83.0507,17.0256,1099.51
443,83.0589,17.3748,1099.77
444,82.9833,17.6412,1100.05
445,82.8919,17.9694,1100.34
446,82.8342,18.2883,1100.56
447,82.7259,18.6216,1100.89
448,82.644,18.8951,1101.12
449,82.5711,19.172,1101.39
450,82.4065,19.5556,1101.68
451,82.2723,19.9833,1102
452,82.2316,20.1306,1102.04
453,82.0872,20.5206,1102.45
454,82.082,20.7147,1102.64
455,82.073,21.0164,1102.8
456,82.0098,21.3069,1103
457,81.9273,21.6974,1103.21
458,81.8017,21.8725,1103.4
459,81.6078,21.9811,1103.45
460,81.5102,22.2235,1103.68
461,81.3282,22.4373,1103.93
462,81.2448,22.6672,1104.06
463,81.0929,22.8383,1104.08
464,80.9609,23.035,1104.28
465,80.7082,23.4093,1104.63
466,80.5223,23.6045,1104.81
467,80.4599,23.7741,1104.87
468,80.2876,23.9373,1105.08
469,80.2695,23.9834,1105.11
470,80.1427,24.1963,1105.29
471,80.0265,24.3755,1105.44
472,79.8709,24.6025,1105.64
473,79.6894,24.8211,1105.83
474,79.5497,25.0348,1105.85
475,79.3872,25.1533,1105.94
476,79.2534,25.3658,1106.03
477,79.0684,25.5755,1106.18
478,78.8969,25.6855,1106.31
479,78.7431,25.7816,1106.41
480,78.4719,25.8714,1106.49
481,78.2751,25.9504,1106.63
482,78.0128,26.0069,1106.75
483,77.8921,26.1486,1106.73
484,77.641,26.3352,1107.02
485,77.4701,26.2951,1107.09
486,77.1911,26.3425,1107.15
487,76.9615,26.3747,1107.23
488,76.8254,26.2793,1107.14
489,76.5403,26.318,1107.2
490,76.2764,26.4988,1107.38
491,76.1343,26.595,1107.41
492,75.9653,26.6883,1107.44
493,75.6809,26.8707,1107.64
494,75.4799,27.0063,1107.71
495,75.2702,27.0558,1107.69
496,75.1565,27.0484,1107.62
497,74.9112,27.1906,1107.65
498,74.7251,27.2353,1107.71
499,74.4831,27.2294,1107.78
500,74.1838,27.2748,1107.84
501,73.9746,27.278,1107.81
502,73.7421,27.3984,1107.86
503,73.5306,27.3605,1107.89
504,73.3116,27.379,1107.97
505,73.1488,27.2752,1107.97
506,72.9334,27.2465,1108.01
507,72.8234,27.18,1107.91
508,72.5828,27.1834,1107.92
509,72.3278,27.2575,1107.95
510,72.233,27.1715,1107.82
511,72.0218,27.1962,1107.83
512,71.8374,27.2017,1107.87
513,71.622,27.2451,1107.86
514,71.4046,27.1682,1107.77
515,71.1518,27.2946,1107.76
516,70.8767,27.243,1107.67
517,70.5956,27.3709,1107.71
518,70.317,27.3487,1107.68
519,70.0834,27.198,1107.6
520,69.8584,27.2168,1107.54
521,69.5599,27.2467,1107.47
522,69.2883,27.3884,1107.48
523,69.0918,27.4095,1107.38
524,68.8787,27.3349,1107.35
525,68.6236,27.0977,1107.18
526,68.4287,26.992,1107.15
527,68.1868,26.8777,1107.06
528,67.9238,26.8679,1107.04
529,67.6542,26.8826,1107.05
530,67.4308,26.7138,1106.95
531,67.1995,26.5552,1106.86
532,66.8761,26.6109,1106.91
533,66.7163,26.5086,1106.74
534,66.4287,26.5099,1106.68
535,66.156,26.519,1106.67
536,65.8685,26.4802,1106.58
537,65.5197,26.4817,1106.63
538,65.2721,26.3581,1106.61
539,64.9889,26.2649,1106.58
540,64.6837,26.164,1106.49
541,64.4681,26.2429,1106.47
542,64.1924,26.1757,1106.47
543,63.9192,26.1536,1106.45
544,63.6443,26.1041,1106.48
545,63.3341,25.9525,1106.49
546,63.0829,25.8644,1106.51
547,62.8209,25.714,1106.56
548,62.4839,25.5907,1106.56
549,62.1402,25.4702,1106.51
550,61.8242,25.3592,1106.52
551,61.5453,25.2053,1106.52
552,61.1342,25.2213,1106.61
553,60.8191,25.1018,1106.65
554,60.4363,24.993,1106.63
555,60.1343,24.9785,1106.59
556,59.7301,24.9283,1106.65
557,59.3693,24.8394,1106.68
558,59.024,24.7613,1106.68
559,58.7115,24.6504,1106.72
560,58.2983,24.5865,1106.66
561,57.8993,24.4908,1106.66
562,57.4936,24.3366,1106.6
563,57.0811,24.1936,1106.58
564,56.7282,24.1066,1106.6
565,56.4549,23.8809,1106.62
566,56.0526,23.7313,1106.64
567,55.7015,23.6548,1106.71
568,55.2648,23.5898,1106.75
569,54.8551,23.4549,1106.76
570,54.3916,23.3502,1106.82
571,53.985,23.1892,1106.69
572,53.5639,23.0593,1106.72
573,53.1866,22.9731,1106.68
574,52.8307,22.7927,1106.59
575,52.3897,22.6922,1106.61
576,51.9824,22.5688,1106.61
577,51.5511,22.3259,1106.44
578,51.1396,22.2852,1106.51
579,50.761,22.2117,1106.5
580,50.3411,22.0709,1106.47
581,49.8816,21.9611,1106.47
582,49.4627,21.7631,1106.38
583,49.0634,21.5725,1106.36
584,48.6119,21.3375,1106.31
585,48.1962,21.1386,1106.26
586,47.7077,20.9388,1106.17
587,47.2533,20.8266,1106.23
588,46.7902,20.6806,1106.18
589,46.3107,20.5003,1106.11
590,45.8205,20.3513,1106.04
591,45.4095,20.1941,1105.93
592,45.0472,20.0117,1105.85
593,44.6351,20.0634,1105.94
594,44.2836,19.9472,1105.95
595,43.885,19.8762,1105.87
596,43.5097,19.7382,1105.79
597,42.976,19.7407,1106
598,42.6298,19.5197,1105.82
599,42.2167,19.2709,1105.83
600,41.8159,19.0079,1105.47
601,41.3732,18.9111,1105.54
602,40.9985,18.7837,1105.47
603,40.5389,18.6146,1105.42
604,40.1093,18.3756,1105.34
605,39.6569,18.2803,1105.32
606,39.2259,18.1308,1105.32
607,38.7585,17.9905,1105.33
608,38.4044,17.8613,1105.29
609,37.9975,17.6723,1105.29
610,37.6036,17.5048,1105.27
611,37.215,17.3162,1105.18
612,36.8375,17.2388,1105.15
613,36.4711,17.0571,1105
614,36.124,16.9356,1104.88
615,35.746,16.8212,1104.88
616,35.4331,16.6772,1104.75
617,35.0457,16.5183,1104.65
618,34.6727,16.3783,1104.6
619,34.3169,16.2796,1104.54
620,33.8363,16.2181,1104.6
621,33.51,16.072,1104.38
622,33.118,15.9622,1104.29
623,32.7124,15.8021,1104.17
624,32.3458,15.6313,1104.13
625,31.9746,15.4848,1104.05
626,31.6145,15.3257,1103.96
627,31.2676,15.208,1103.87
628,30.8916,15.1308,1103.81
629,30.6079,14.8925,1103.63
630,30.3056,14.8274,1103.55
631,30.0519,14.7904,1103.53
632,29.8237,14.6584,1103.37
633,29.489,14.583,1103.23
634,29.2533,14.54,1103.21
635,28.9926,14.399,1103
636,28.7532,14.2932,1102.91
637,28.483,14.2288,1102.8
638,28.1737,14.1825,1102.68
639,27.8284,14.0456,1102.51
640,27.5099,13.9907,1102.34
641,27.1479,13.9512,1102.29
642,26.7666,13.8832,1102.14
643,26.434,13.7715,1102.1
644,26.0721,13.7804,1102.11
645,25.7518,13.6705,1101.95
646,25.4953,13.6947,1101.82
647,25.1827,13.7546,1101.75
648,24.8256,13.7492,1101.6
649,24.3731,13.8559,1101.45
650,23.6822,14.2004,1101.41
651,22.7233,14.7332,1101.42
652,21.396,15.546,1101.66
653,19.7887,16.3977,1101.84
654,17.8737,17.6324,1102.1
655,15.9255,19.0313,1102.46
656,13.6538,20.2389,1102.58
657,11.4056,21.5677,1103.04
658,9.16563,22.7795,1103.44
659,6.96996,23.9531,1103.89
660,4.84446,25.1082,1104.58
661,2.77857,26.1174,1105.32
662,0.894222,27.0002,1106.06
663,-0.7748,27.811,1106.92
664,-2.41072,28.6638,1107.69
665,-3.97693,29.5885,1108.73
666,-5.64768,30.3925,1109.8
667,-7.31129,31.3526,1110.81
668,-9.11878,32.3983,1111.86
669,-10.8999,33.6872,1112.78
670,-12.834,35.0566,1114
671,-15.0684,36.4908,1114.93
672,-17.5827,38.2452,1116
673,-20.1221,39.7187,1116.72
674,-22.8819,41.5911,1117.61
675,-25.8824,43.45,1118.52
676,-29.0231,45.3788,1119.21
677,-32.387,47.387,1119.84
678,-35.7753,49.4532,1120.57
679,-39.1732,51.2838,1121.18
680,-42.9043,53.4693,1121.97
681,-46.4241,55.6063,1122.41
682,-50.0772,57.7523,1122.89
683,-53.8281,59.8519,1123.3
684,-57.7268,61.9514,1123.58
685,-61.5003,64.3652,1123.95
686,-65.4667,66.708,1124.08
687,-69.5354,69.2052,1124.4
688,-73.6685,71.6149,1124.5
689,-78.0793,74.1179,1124.56
690,-82.4269,76.8663,1124.84
691,-86.9017,79.4484,1124.58
692,-91.4696,82.2358,1124.66
693,-95.9552,84.9287,1124.47
694,-100.805,87.9263,1124.54
695,-105.729,90.6892,1124.27
696,-110.486,93.6887,1124.05
697,-115.539,96.7783,1123.89
698,-120.537,99.8025,1123.57
699,-125.647,102.89,1123.2
700,-130.892,106.117,1122.86
701,-136.151,109.234,1122.71
702,-141.447,112.449,1122.25
703,-146.906,115.525,1121.93
704,-152.341,118.566,1121.31
705,-157.982,121.761,1121.2
706,-163.602,124.814,1120.58
707,-169.276,128.037,1120.18
708,-174.967,131.259,1119.75
709,-180.911,134.639,1119.49
710,-186.652,138.02,1118.98
711,-192.521,141.438,1118.5
712,-198.295,144.823,1117.95
713,-204.323,148.399,1117.52
714,-210.357,152.015,1117.31
715,-216.275,155.286,1116.71
716,-222.378,158.847,1116.26
717,-228.517,162.327,1115.94
718,-234.758,165.679,1115.44
719,-240.983,169.184,1115.19
720,-247.06,172.435,1114.51
721,-253.266,175.705,1114.02
722,-259.543,179.087,1113.72
723,-265.747,182.571,1113.29
724,-272.103,186.04,1112.97
725,-278.297,189.541,1112.42
726,-284.732,193.013,1112.15
727,-291.205,196.352,1111.62
728,-297.786,200.022,1111.32
729,-304.257,203.434,1110.87
730,-310.618,206.986,1110.39
731,-317.424,210.667,1110.2
732,-323.925,214.087,1109.69
733,-330.611,217.726,1109.37
734,-337.325,221.159,1108.99
735,-344.022,224.791,1108.7
736,-350.624,227.967,1108.25
737,-357.293,231.709,1108.19
738,-364.148,234.858,1107.5
739,-370.824,238.45,1107.4
740,-377.397,241.919,1106.9
741,-384.256,245.323,1106.58
742,-390.889,248.872,1106.25
743,-397.702,252.368,1106.04
744,-404.524,255.782,1105.73
745,-411.34,259.428,1105.52
746,-418.194,262.777,1105.2
747,-425.152,266.18,1104.9
748,-432.215,270.216,1105.35
749,-439.158,273.748,1105.03
750,-446.143,277.225,1104.97
751,-453.231,280.663,1104.68
752,-460.156,283.964,1104.34
753,-467.209,287.202,1103.98
754,-474.355,290.571,1103.7
755,-481.503,293.982,1103.79
756,-488.552,297.388,1103.52
757,-495.681,300.761,1103.27
758,-502.738,304.017,1103.09
759,-509.827,307.373,1102.74
760,-516.96,310.624,1102.64
761,-524.02,314.116,1102.61
762,-531.162,317.372,1102.33
763,-538.111,320.422,1101.92
764,-545.333,324.162,1101.97
765,-552.394,327.229,1101.77
766,-559.526,330.572,1101.61
767,-566.498,333.825,1101.44
768,-573.701,336.764,1101.1
769,-580.906,340.224,1101.06
770,-588.149,343.336,1100.91
771,-595.325,346.617,1100.68
772,-602.694,349.989,1100.63
773,-609.982,352.896,1100.39
774,-617.245,356.148,1100.23
775,-624.604,359.379,1100.06
776,-631.949,362.403,1099.82
777,-639.326,365.592,1099.62
778,-646.56,368.65,1099.42
779,-653.73,371.671,1099.19
780,-661.065,374.803,1098.88
781,-668.537,378.022,1098.79
782,-675.616,380.894,1098.39
783,-682.949,384.053,1098.13
784,-690.356,387.314,1098.08
785,-697.681,390.333,1097.92
786,-705.004,393.254,1097.57
787,-712.352,396.245,1097.36
788,-719.76,399.328,1097.25
789,-727.153,402.252,1096.89
790,-734.52,405.217,1096.52
791,-742.072,408.302,1096.48
792,-749.554,411.251,1096.23
793,-757.005,413.967,1095.74
794,-764.543,416.877,1095.55
795,-771.957,419.632,1095.31
796,-779.394,422.261,1095.02
797,-786.846,425.077,1094.65
798,-794.176,427.817,1094.46
799,-801.626,430.692,1094.19
800,-808.922,433.477,1093.91
801,-816.185,436.25,1093.74
802,-823.421,439.181,1093.47
803,-830.631,441.986,1093.19
804,-837.803,444.634,1092.83
805,-844.958,447.44,1092.61
806,-852.158,450.128,1092.44
807,-859.345,452.85,1092.11
808,-866.505,455.433,1091.84
809,-873.751,458.098,1091.6
810,-881.001,460.913,1091.41
811,-888.322,463.537,1091.2
812,-895.571,466.067,1090.96
813,-902.874,468.506,1090.63
814,-910.178,470.996,1090.47
815,-917.356,473.351,1090.19
816,-924.608,475.789,1089.9
817,-931.78,478.185,1089.63
818,-938.924,480.665,1089.38
819,-946.005,483.132,1089.13
820,-953.061,485.586,1088.83
821,-960.012,487.938,1088.52
822,-966.943,490.249,1088.27
823,-973.815,492.592,1087.87
824,-980.681,494.979,1087.6
825,-987.476,497.389,1087.25
826,-994.255,499.728,1086.93
827,-1001.02,502.068,1086.56
828,-1007.89,504.264,1086.31
829,-1014.63,506.418,1085.87
830,-1021.34,508.569,1085.57
831,-1028.07,510.774,1085.32
832,-1034.75,512.826,1084.91
833,-1041.48,514.968,1084.62
834,-1048.11,516.927,1084.29
835,-1054.65,518.971,1083.85
836,-1061.11,521.038,1083.52
837,-1067.6,523.059,1083.2
838,-1073.94,525.027,1082.8
839,-1080.36,527.038,1082.48
840,-1086.69,529.099,1082.15
841,-1092.96,530.952,1081.76
842,-1099.11,532.849,1081.27
843,-1105.24,534.86,1080.88
844,-1111.45,536.891,1080.6
845,-1117.59,538.836,1080.25
846,-1123.61,540.619,1079.78
847,-1129.7,542.544,1079.45
848,-1135.68,544.358,1079.15
849,-1141.51,546.029,1078.8
850,-1147.43,547.905,1078.52
851,-1153.28,549.61,1078.18
852,-1158.99,551.266,1077.67
853,-1164.79,553.013,1077.3
854,-1170.49,554.807,1077.09
855,-1176.05,556.419,1076.71
856,-1181.61,558.138,1076.39
857,-1187.15,559.665,1076.01
858,-1192.49,561.079,1075.56
859,-1197.76,562.47,1074.72
860,-1203.21,564.156,1074.36
861,-1208.54,565.827,1074.01
862,-1213.82,567.429,1073.58
863,-1219.03,568.918,1073.15
864,-1224.32,570.563,1072.85
865,-1229.44,572.029,1072.33
866,-1234.56,573.525,1072
867,-1239.62,575.037,1071.52
868,-1244.64,576.483,1071.24
869,-1249.55,577.909,1070.78
870,-1254.39,579.29,1070.41
871,-1259.25,580.711,1069.99
872,-1264,582.011,1069.54
873,-1268.69,583.306,1069.06
874,-1273.47,584.647,1068.69
875,-1278.15,586.006,1068.21
876,-1282.75,587.29,1067.91
877,-1287.35,588.493,1067.48
878,-1291.9,589.804,1067.08
879,-1296.43,591.16,1066.7
880,-1300.93,592.348,1066.28
881,-1305.31,593.671,1065.92
882,-1309.63,594.99,1065.6
883,-1313.86,595.902,1065.05
884,-1318.15,597.142,1064.69
885,-1322.38,598.441,1064.36
886,-1326.57,599.58,1064.04
887,-1330.6,600.773,1063.61
888,-1334.62,601.964,1063.32
889,-1338.53,603.095,1062.98
890,-1342.4,604.352,1062.63
891,-1346.11,605.356,1062.24
892,-1349.89,606.44,1061.9
893,-1353.57,607.485,1061.59
894,-1357.24,608.625,1061.21
895,-1360.88,609.745,1060.91
896,-1364.49,610.764,1060.56
897,-1368.14,611.782,1060.3
898,-1371.57,612.816,1059.86
899,-1375.12,613.792,1059.5
900,-1378.6,614.926,1059.18
901,-1382.04,615.984,1058.88
902,-1385.52,616.98,1058.55
903,-1388.97,618.118,1058.3
904,-1392.4,619.077,1057.95
905,-1395.68,619.975,1057.59
906,-1398.92,620.967,1057.27
907,-1402.13,621.899,1056.97
908,-1405.29,622.749,1056.58
909,-1408.35,623.738,1056.39
910,-1411.37,624.625,1056.01
911,-1414.33,625.444,1055.72
912,-1417.21,626.378,1055.39
913,-1420.06,627.194,1055
914,-1422.85,628.085,1054.66
915,-1425.61,628.892,1054.33
916,-1428.32,629.637,1053.98
917,-1430.97,630.404,1053.7
918,-1433.63,631.152,1053.34
919,-1436.25,632,1052.96
920,-1438.86,632.859,1052.67
921,-1441.47,633.768,1052.39
922,-1444.04,634.633,1052.02
923,-1446.53,635.458,1051.78
924,-1449.07,636.302,1051.51
925,-1451.4,637.057,1051.17
926,-1453.68,637.79,1050.83
927,-1455.94,638.536,1050.53
928,-1458.13,639.229,1050.23
929,-1460.31,639.866,1049.85
930,-1462.5,640.574,1049.67
931,-1464.59,641.246,1049.37
932,-1466.69,641.826,1049.01
933,-1468.75,642.477,1048.71
934,-1470.75,643.145,1048.48
935,-1472.7,643.816,1048.17
936,-1474.68,644.389,1047.88
937,-1476.59,644.971,1047.59
938,-1478.5,645.671,1047.37
939,-1480.39,646.334,1047.07
940,-1482.16,647.075,1046.81
941,-1483.96,647.762,1046.52
942,-1485.67,648.459,1046.21
943,-1487.35,649.112,1045.9
944,-1488.99,649.741,1045.62
945,-1490.58,650.286,1045.37
946,-1492.18,650.867,1045.1
947,-1493.71,651.414,1044.89
948,-1495.17,651.801,1044.53
949,-1496.58,652.316,1044.4
950,-1497.91,652.767,1044.07
951,-1499.26,653.315,1043.77
952,-1500.58,653.806,1043.49
953,-1501.92,654.265,1043.17
954,-1503.22,654.878,1042.92
955,-1504.38,655.404,1042.65
956,-1505.59,655.957,1042.39
957,-1506.84,656.461,1042.17
958,-1507.99,656.873,1041.8
959,-1509.13,657.369,1041.54
960,-1510.33,657.918,1041.34
961,-1511.37,658.47,1041.01
962,-1512.48,658.997,1040.82
963,-1513.56,659.446,1040.59
964,-1514.55,659.77,1040.32
965,-1515.49,660.126,1040.11
966,-1516.41,660.48,1039.87
967,-1517.3,660.881,1039.72
968,-1518.08,661.264,1039.48
969,-1518.87,661.546,1039.3
970,-1519.62,661.976,1039.16
971,-1520.43,662.467,1038.96
972,-1521.17,662.805,1038.71
973,-1521.89,663.143,1038.44
974,-1522.63,663.506,1038.28
975,-1523.33,663.881,1038.12
976,-1523.98,664.232,1037.96
977,-1524.61,664.517,1037.77
978,-1525.24,664.786,1037.66
979,-1525.88,665.055,1037.44
980,-1526.46,665.366,1037.29
981,-1527.01,665.686,1037.12
982,-1527.56,666.049,1037
983,-1528.08,666.323,1036.8
984,-1528.57,666.623,1036.66
985,-1529.05,666.956,1036.56
986,-1529.53,667.264,1036.49
987,-1529.99,667.516,1036.38
988,-1530.41,667.758,1036.3
989,-1530.8,668.014,1036.21
990,-1531.15,668.197,1036.12
991,-1531.45,668.393,1036.04
992,-1531.72,668.624,1035.96
993,-1532.01,668.838,1035.87
994,-1532.3,669.031,1035.77
995,-1532.59,669.21,1035.66
996,-1532.87,669.41,1035.6
997,-1533.13,669.604,1035.52
998,-1533.38,669.791,1035.49
999,-1533.61,669.983,1035.44
1000,-1533.85,670.118,1035.38
1001,-1534.07,670.251,1035.33
1002,-1534.26,670.436,1035.26
1003,-1534.42,670.55,1035.26
1004,-1534.57,670.609,1035.2
1005,-1534.69,670.644,1035.2
1006,-1534.76,670.649,1035.14
1007,-1534.87,670.652,1035.11
1008,-1534.95,670.659,1035.1
1009,-1535.02,670.67,1035.07
1010,-1535.02,670.716,1035.05
1011,-1535,670.736,1034.99
1012,-1534.99,670.743,1034.93
1013,-1535.01,670.831,1034.9
1014,-1535.05,670.894,1034.84
1015,-1535.11,670.966,1034.81
1016,-1535.18,671.005,1034.75
1017,-1535.2,671.033,1034.7
1018,-1535.15,671.077,1034.67
1019,-1535.11,671.101,1034.64
1020,-1535.07,671.104,1034.61
1021,-1535.02,671.091,1034.51
1022,-1534.97,671.077,1034.52
1023,-1534.9,670.998,1034.52
1024,-1534.83,670.854,1034.49
1025,-1534.73,670.724,1034.5
1026,-1534.62,670.59,1034.46
1027,-1534.52,670.498,1034.41
1028,-1534.36,670.406,1034.43
1029,-1534.19,670.266,1034.42
1030,-1534.05,670.138,1034.41
1031,-1533.89,669.948,1034.39
1032,-1533.7,669.767,1034.38
1033,-1533.49,669.63,1034.36
1034,-1533.28,669.437,1034.36
1035,-1533.1,669.286,1034.33
1036,-1532.91,669.146,1034.3
1037,-1532.73,669.016,1034.31
1038,-1532.47,668.875,1034.31
1039,-1532.27,668.747,1034.28
1040,-1532.06,668.62,1034.3
1041,-1531.86,668.465,1034.25
1042,-1531.66,668.201,1034.24
1043,-1531.45,667.938,1034.28
1044,-1531.2,667.613,1034.33
1045,-1530.95,667.293,1034.34
1046,-1530.71,666.922,1034.33
1047,-1530.43,666.619,1034.33
1048,-1530.19,666.322,1034.36
1049,-1529.91,666.072,1034.38
1050,-1529.62,665.812,1034.42
1051,-1529.35,665.567,1034.42
1052,-1529.09,665.332,1034.45
1053,-1528.81,665.109,1034.44
1054,-1528.52,664.905,1034.44
1055,-1528.24,664.714,1034.47
1056,-1527.93,664.49,1034.52
1057,-1527.64,664.178,1034.55
1058,-1527.34,663.869,1034.58
1059,-1527.04,663.556,1034.62
1060,-1526.71,663.228,1034.69
1061,-1526.35,662.9,1034.69
1062,-1526.02,662.512,1034.76
1063,-1525.68,662.136,1034.84
1064,-1525.33,661.696,1034.91
1065,-1525,661.262,1034.99
1066,-1524.63,660.851,1035.03
1067,-1524.27,660.487,1035.08
1068,-1523.93,660.183,1035.15
1069,-1523.58,659.894,1035.2
1070,-1523.21,659.58,1035.29
1071,-1522.88,659.262,1035.36
1072,-1522.57,658.93,1035.42
1073,-1522.28,658.583,1035.47
1074,-1522,658.247,1035.52
1075,-1521.74,657.852,1035.65
1076,-1521.42,657.403,1035.71
1077,-1521.14,656.973,1035.81
1078,-1520.83,656.559,1035.88
1079,-1520.49,656.119,1035.96
1080,-1520.14,655.734,1036.04
1081,-1519.76,655.356,1036.06
1082,-1519.4,654.961,1036.14
1083,-1519.04,654.483,1036.21
1084,-1518.68,654.052,1036.25
1085,-1518.35,653.614,1036.28
1086,-1517.98,653.247,1036.34
1087,-1517.65,652.862,1036.42
1088,-1517.3,652.44,1036.46
1089,-1516.95,652.048,1036.48
1090,-1516.62,651.606,1036.51
1091,-1516.3,651.242,1036.55
1092,-1516.03,650.893,1036.56
1093,-1515.78,650.529,1036.61
1094,-1515.54,650.15,1036.66
1095,-1515.26,649.676,1036.71
1096,-1515,649.206,1036.75
1097,-1514.77,648.74,1036.86
1098,-1514.51,648.36,1036.89
1099,-1514.26,647.913,1036.91
1100,-1514.01,647.448,1036.89
1101,-1513.77,646.956,1036.94
1102,-1513.5,646.453,1036.93
1103,-1513.2,645.987,1036.94
1104,-1512.98,645.569,1036.96
1105,-1512.75,645.159,1036.98
1106,-1512.53,644.749,1037.01
1107,-1512.33,644.328,1037.1
1108,-1512.1,643.897,1037.11
1109,-1511.89,643.495,1037.13
1110,-1511.66,643.098,1037.14
1111,-1511.46,642.66,1037.16
1112,-1511.29,642.232,1037.24
1113,-1511.06,641.794,1037.29
1114,-1510.86,641.308,1037.33
1115,-1510.67,640.817,1037.36
1116,-1510.52,640.354,1037.47
1117,-1510.35,639.916,1037.48
1118,-1510.17,639.42,1037.55
1119,-1510.01,638.979,1037.58
1120,-1509.83,638.534,1037.64
1121,-1509.62,638.151,1037.73
1122,-1509.38,637.784,1037.76
1123,-1509.16,637.391,1037.8
1124,-1508.93,637.014,1037.85
1125,-1508.7,636.534,1037.87
1126,-1508.48,636.117,1037.85
1127,-1508.36,635.726,1037.81
1128,-1508.23,635.259,1037.72
1129,-1508.16,634.841,1037.73
1130,-1508.04,634.339,1037.76
1131,-1507.96,633.941,1037.73
1132,-1507.88,633.484,1037.71
1133,-1507.8,633.055,1037.71
1134,-1507.73,632.509,1037.7
1135,-1507.68,631.992,1037.65
1136,-1507.61,631.505,1037.57
1137,-1507.54,630.965,1037.5
1138,-1507.44,630.571,1037.49
1139,-1507.31,630.152,1037.44
1140,-1507.19,629.801,1037.38
1141,-1507.07,629.358,1037.38
1142,-1506.91,628.951,1037.34
1143,-1506.77,628.547,1037.26
1144,-1506.6,628.117,1037.19
1145,-1506.45,627.757,1037.06
1146,-1506.31,627.337,1037.02
1147,-1506.12,626.858,1036.92
1148,-1506.04,626.539,1036.87
1149,-1505.95,626.44,1036.93
1150,-1505.9,626.826,1036.97
1151,-1505.87,627.52,1037.08
1152,-1505.83,628.608,1037.35
1153,-1505.8,630.088,1037.54
1154,-1505.85,631.875,1037.86
1155,-1505.91,633.721,1038.11
1156,-1505.95,635.793,1038.53
1157,-1505.99,637.692,1038.95
1158,-1506.05,639.471,1039.45
1159,-1506.06,641.243,1040.1
1160,-1506.1,642.609,1040.85
1161,-1506.13,643.938,1041.77
1162,-1506.08,645.108,1042.76
1163,-1506.05,646.035,1043.85
1164,-1506.05,646.909,1045.08
1165,-1506.04,647.754,1046.27
1166,-1505.91,648.667,1047.52
1167,-1505.8,649.793,1048.73
1168,-1505.69,651.044,1050
1169,-1505.59,652.515,1051.19
1170,-1505.6,654.112,1052.37
1171,-1505.51,656.052,1053.49
1172,-1505.43,658.282,1054.56
1173,-1505.38,660.645,1055.59
1174,-1505.37,663.262,1056.54
1175,-1505.37,666.07,1057.43
1176,-1505.41,668.952,1058.19
1177,-1505.38,671.921,1059.05
1178,-1505.41,675.047,1059.79
1179,-1505.44,678.148,1060.46
1180,-1505.49,681.193,1061.08
1181,-1505.45,684.504,1061.68
1182,-1505.4,687.778,1062.24
1183,-1505.39,691.11,1062.72
1184,-1505.42,694.448,1063.16
1185,-1505.44,697.923,1063.52
1186,-1505.44,701.533,1063.86
1187,-1505.49,705.296,1064.18
1188,-1505.51,709.184,1064.4
1189,-1505.59,713.187,1064.6
1190,-1505.66,717.233,1064.76
1191,-1505.75,721.388,1064.78
1192,-1505.9,725.745,1064.88
1193,-1506,730.113,1064.83
1194,-1506.13,734.625,1064.85
1195,-1506.22,739.103,1064.7
1196,-1506.35,743.769,1064.68
1197,-1506.48,748.478,1064.5
1198,-1506.64,753.257,1064.3
1199,-1506.78,758.011,1064.11
1200,-1506.92,762.884,1063.96
1201,-1507.04,767.771,1063.69
1202,-1507.2,772.825,1063.44
1203,-1507.34,777.872,1063.14
1204,-1507.46,782.906,1062.88
1205,-1507.58,788.071,1062.58
1206,-1507.72,793.255,1062.21
1207,-1507.8,798.564,1061.91
1208,-1507.83,803.782,1061.55
1209,-1507.85,809.173,1061.21
1210,-1507.9,814.516,1060.86
1211,-1507.98,819.816,1060.46
1212,-1507.99,825.267,1060.05
1213,-1508.07,830.758,1059.76
1214,-1508.17,836.205,1059.34
1215,-1508.33,841.668,1058.95
1216,-1508.45,847.212,1058.47
1217,-1508.59,852.875,1058.06
1218,-1508.74,858.52,1057.66
1219,-1508.88,864.244,1057.29
1220,-1509.03,870.009,1056.82
1221,-1509.2,875.728,1056.36
1222,-1509.41,881.469,1055.93
1223,-1509.6,887.331,1055.53
1224,-1509.73,893.053,1055.11
1225,-1509.93,898.87,1054.7
1226,-1510.11,904.802,1054.31
1227,-1510.22,910.654,1053.92
1228,-1510.4,916.486,1053.55
1229,-1510.53,922.383,1053.14
1230,-1510.64,928.207,1052.72
1231,-1510.71,934.092,1052.33
1232,-1510.77,940.016,1051.92
1233,-1510.88,945.852,1051.5
1234,-1510.96,951.859,1051.13
1235,-1511.07,957.803,1050.77
1236,-1511.14,963.834,1050.46
1237,-1511.24,969.825,1050.08
1238,-1511.38,975.738,1049.65
1239,-1511.48,981.719,1049.28
1240,-1511.61,987.617,1048.89
1241,-1511.78,993.686,1048.54
1242,-1511.91,999.722,1048.24
1243,-1512.1,1005.68,1047.94
1244,-1512.25,1011.56,1047.6
1245,-1512.4,1017.51,1047.27
1246,-1512.5,1023.51,1047.01
1247,-1512.76,1029.31,1046.66
1248,-1512.88,1035.27,1046.39
1249,-1513.01,1041.13,1046.14
1250,-1513.18,1047.09,1045.98
1251,-1513.23,1052.96,1045.71
1252,-1513.27,1058.73,1045.33
1253,-1513.29,1064.6,1045.05
1254,-1513.46,1070.39,1044.81
1255,-1513.56,1076.14,1044.55
1256,-1513.67,1081.95,1044.22
1257,-1513.77,1087.71,1043.97
1258,-1513.92,1093.29,1043.68
1259,-1513.96,1099.16,1043.49
1260,-1514.16,1104.78,1043.16
1261,-1514.3,1110.41,1042.86
1262,-1514.42,1116.15,1042.5
1263,-1514.56,1121.81,1042.26
1264,-1514.69,1127.4,1041.98
1265,-1514.79,1132.98,1041.7
1266,-1514.88,1138.61,1041.49
1267,-1514.98,1144.21,1041.26
1268,-1515.03,1149.76,1040.99
1269,-1515.13,1155.25,1040.72
1270,-1515.25,1160.79,1040.48
1271,-1515.34,1166.31,1040.28
1272,-1515.35,1171.74,1039.92
1273,-1515.4,1177.26,1039.7
1274,-1515.5,1182.64,1039.49
1275,-1515.51,1187.99,1039.24
1276,-1515.57,1193.41,1039.08
1277,-1515.63,1198.71,1038.85
1278,-1515.66,1204.01,1038.65
1279,-1515.73,1209.32,1038.46
1280,-1515.77,1214.5,1038.19
1281,-1515.81,1219.76,1037.95
1282,-1515.84,1225.03,1037.77
1283,-1515.9,1230.27,1037.6
1284,-1515.92,1235.4,1037.43
1285,-1516.01,1240.49,1037.28
1286,-1516.12,1245.39,1037.09
1287,-1516.23,1250.1,1036.91
1288,-1516.26,1255.23,1036.77
1289,-1516.31,1260.21,1036.77
1290,-1516.36,1265.19,1036.66
1291,-1516.38,1270,1036.45
1292,-1516.42,1274.76,1036.32
1293,-1516.45,1279.6,1036.24
1294,-1516.47,1284.42,1036.1
1295,-1516.53,1289.17,1035.98
1296,-1516.55,1293.83,1035.82
1297,-1516.51,1298.57,1035.72
1298,-1516.47,1303.19,1035.52
1299,-1516.49,1307.84,1035.55
1300,-1516.48,1312.52,1035.35
1301,-1516.47,1317.22,1035.22
1302,-1516.51,1321.78,1035.14
1303,-1516.47,1326.32,1035.09
1304,-1516.43,1330.82,1034.88
1305,-1516.44,1335.37,1034.98
1306,-1516.38,1339.64,1034.75
1307,-1516.32,1344.08,1034.68
1308,-1516.33,1348.45,1034.7
1309,-1516.33,1352.66,1034.56
1310,-1516.27,1356.91,1034.48
1311,-1516.19,1361.13,1034.4
1312,-1516.15,1365.28,1034.32
1313,-1516.05,1369.51,1034.3
1314,-1515.98,1373.74,1034.21
1315,-1515.84,1377.85,1034.09
1316,-1515.74,1381.86,1033.99
1317,-1515.61,1385.99,1033.99
1318,-1515.52,1389.99,1033.84
1319,-1515.37,1394.04,1033.79
1320,-1515.26,1398.03,1033.75
1321,-1515.21,1402,1033.72
1322,-1515.13,1405.82,1033.65
1323,-1515.08,1409.56,1033.59
1324,-1514.98,1413.37,1033.57
1325,-1514.91,1417.06,1033.41
1326,-1514.81,1420.83,1033.47
1327,-1514.69,1424.58,1033.45
1328,-1514.53,1428.26,1033.37
1329,-1514.37,1432.02,1033.51
1330,-1514.15,1435.65,1033.46
1331,-1513.9,1439.23,1033.39
1332,-1513.69,1442.81,1033.41
1333,-1513.48,1446.42,1033.38
1334,-1513.2,1450,1033.37
1335,-1512.96,1453.43,1033.34
1336,-1512.78,1456.93,1033.44
1337,-1512.6,1460.35,1033.5
1338,-1512.35,1463.71,1033.5
1339,-1512.11,1467.07,1033.5
1340,-1511.82,1470.45,1033.51
1341,-1511.63,1473.64,1033.63
1342,-1511.37,1476.88,1033.62
1343,-1511.09,1480.13,1033.72
1344,-1510.77,1483.3,1033.78
1345,-1510.47,1486.42,1033.71
1346,-1510.23,1489.67,1033.86
1347,-1509.89,1492.83,1033.87
1348,-1509.48,1495.98,1033.94
1349,-1509.14,1499.05,1033.99
1350,-1508.8,1502.17,1034.09
1351,-1508.49,1505.17,1034.14
1352,-1508.23,1508,1034.17
1353,-1507.98,1510.99,1034.31
1354,-1507.6,1513.73,1034.27
1355,-1507.37,1516.61,1034.41
1356,-1506.97,1519.37,1034.31
1357,-1506.75,1522.29,1034.46
1358,-1506.36,1525.04,1034.42
1359,-1506.02,1527.66,1034.46
1360,-1505.59,1530.36,1034.39
1361,-1505.25,1533.07,1034.4
1362,-1504.92,1535.77,1034.48
1363,-1504.57,1538.42,1034.54
1364,-1504.22,1541.17,1034.7
1365,-1503.72,1543.72,1034.64
1366,-1503.29,1546.31,1034.65
1367,-1502.9,1548.97,1034.78
1368,-1502.51,1551.47,1034.77
1369,-1502.14,1553.99,1034.83
1370,-1501.76,1556.43,1034.89
1371,-1501.34,1558.82,1034.99
1372,-1500.92,1561.13,1035.04
1373,-1500.54,1563.47,1035.04
1374,-1500.16,1565.84,1035.14
1375,-1499.77,1568.12,1035.21
1376,-1499.34,1570.44,1035.31
1377,-1498.9,1572.66,1035.37
1378,-1498.52,1574.82,1035.46
1379,-1498.13,1576.94,1035.55
1380,-1497.7,1579.16,1035.75
1381,-1497.16,1581.06,1035.69
1382,-1496.68,1583.19,1035.81
1383,-1496.22,1585.16,1035.96
1384,-1495.74,1587.23,1035.99
1385,-1495.32,1589.07,1036
1386,-1494.88,1591.04,1036.05
1387,-1494.41,1592.81,1036.02
1388,-1494.07,1594.84,1036.22
1389,-1493.66,1596.89,1036.31
1390,-1493.23,1598.77,1036.28
1391,-1492.83,1600.63,1036.22
1392,-1492.43,1602.47,1036.27
1393,-1492.07,1604.4,1036.41
1394,-1491.63,1606.12,1036.37
1395,-1491.23,1607.84,1036.4
1396,-1490.79,1609.69,1036.42
1397,-1490.33,1611.35,1036.42
1398,-1489.81,1612.97,1036.33
1399,-1489.34,1614.6,1036.42
1400,-1488.9,1616.05,1036.36
1401,-1488.52,1617.6,1036.37
1402,-1488.07,1619.06,1036.33
1403,-1487.59,1620.53,1036.32
1404,-1487.11,1622.06,1036.25
1405,-1486.71,1623.64,1036.24
1406,-1486.26,1625,1036.27
1407,-1485.79,1626.36,1036.15
1408,-1485.44,1627.67,1036.16
1409,-1485.04,1628.97,1036.12
1410,-1484.66,1630.23,1035.97
1411,-1484.21,1631.55,1035.83
1412,-1483.9,1632.93,1035.92
1413,-1483.51,1634.18,1035.75
1414,-1483.16,1635.24,1035.6
1415,-1482.75,1636.59,1035.63
1416,-1482.32,1637.84,1035.5
1417,-1481.99,1639,1035.5
1418,-1481.63,1640.01,1035.45
1419,-1481.17,1641.08,1035.26
1420,-1480.8,1642.2,1035.25
1421,-1480.44,1643.28,1035.23
1422,-1480.06,1644.25,1035.09
1423,-1479.7,1645.31,1034.98
1424,-1479.28,1646.28,1034.94
1425,-1478.91,1647.11,1034.86
1426,-1478.53,1647.89,1034.76
1427,-1478.17,1648.87,1034.64
1428,-1477.75,1649.8,1034.58
1429,-1477.37,1650.66,1034.46
1430,-1477.01,1651.4,1034.42
1431,-1476.68,1652.18,1034.3
1432,-1476.33,1652.86,1034.22
1433,-1476.01,1653.59,1034.1
1434,-1475.63,1654.31,1034.03
1435,-1475.37,1654.99,1034
1436,-1475.07,1655.59,1033.93
1437,-1474.8,1656.2,1033.83
1438,-1474.48,1656.84,1033.71
1439,-1474.12,1657.39,1033.59
1440,-1473.69,1657.9,1033.34
1441,-1473.3,1658.51,1033.2
1442,-1472.98,1659.2,1033.17
1443,-1472.57,1659.85,1033.04
1444,-1472.18,1660.45,1032.84
1445,-1471.8,1661.1,1032.76
1446,-1471.41,1661.71,1032.58
1447,-1471.06,1662.34,1032.47
1448,-1470.72,1662.79,1032.38
1449,-1470.46,1663.19,1032.18
1450,-1470.67,1664.19,1032.85
1451,-1470.38,1664.56,1032.74
1452,-1470.24,1664.91,1032.78
1453,-1470,1665.2,1032.6
1454,-1469.83,1665.51,1032.52
1455,-1469.66,1665.81,1032.43
1456,-1469.49,1666.18,1032.5
1457,-1469.27,1666.46,1032.38
1458,-1469,1666.8,1032.31
1459,-1468.73,1667.05,1032.17
1460,-1468.34,1667.24,1031.94
1461,-1468.09,1667.58,1031.86
1462,-1467.8,1667.87,1031.78
1463,-1467.56,1668.16,1031.64
1464,-1467.25,1668.5,1031.49
1465,-1466.92,1668.67,1031.24
1466,-1466.71,1668.93,1031.22
1467,-1466.53,1669.15,1031.14
1468,-1466.32,1669.48,1031.01
1469,-1466.14,1669.7,1030.93
1470,-1465.96,1669.91,1030.76
1471,-1465.79,1670.09,1030.63
1472,-1465.68,1670.18,1030.46
1473,-1465.55,1670.24,1030.35
1474,-1465.49,1670.25,1030.12
1475,-1465.39,1670.33,1029.97
1476,-1465.27,1670.45,1029.9
1477,-1465.18,1670.42,1029.7
1478,-1465.09,1670.47,1029.52
1479,-1465,1670.56,1029.39
1480,-1464.92,1670.56,1029.17
1481,-1464.88,1670.62,1028.98
1482,-1464.77,1670.78,1028.87
1483,-1464.7,1670.83,1028.7
1484,-1464.62,1670.82,1028.5
1485,-1464.57,1670.85,1028.3
1486,-1464.53,1670.9,1028.11
1487,-1464.44,1670.96,1027.89
1488,-1464.38,1670.93,1027.71
1489,-1464.28,1670.88,1027.57
1490,-1464.19,1670.74,1027.36
1491,-1464.11,1670.67,1027.16
1492,-1464.02,1670.65,1026.97
1493,-1463.93,1670.61,1026.72
1494,-1463.89,1670.49,1026.49
1495,-1463.83,1670.4,1026.3
1496,-1463.82,1670.33,1026.11
1497,-1463.86,1670.28,1025.96
1498,-1463.91,1670.21,1025.73
1499,-1464,1670.1,1025.57
1500,-1464.1,1669.96,1025.36
1501,-1464.21,1669.87,1025.31
1502,-1464.33,1669.68,1025.09
1503,-1464.41,1669.58,1024.93
1504,-1464.53,1669.43,1024.75
1505,-1464.67,1669.14,1024.53
1506,-1464.83,1668.9,1024.39
1507,-1465.01,1668.59,1024.25
1508,-1465.06,1668.24,1023.81
1509,-1465.21,1667.97,1023.65
1510,-1465.34,1667.77,1023.54
1511,-1465.41,1667.54,1023.36
1512,-1465.45,1667.35,1023.17
1513,-1465.58,1667.15,1022.91
1514,-1465.7,1666.87,1022.57
1515,-1465.89,1666.66,1022.34
1516,-1466.05,1666.5,1022.26
1517,-1466.14,1666.27,1022.02
1518,-1466.27,1665.97,1021.77
1519,-1466.41,1665.67,1021.47
1520,-1466.54,1665.36,1021.2
1521,-1466.77,1665.02,1020.94
1522,-1466.94,1664.65,1020.72
1523,-1467.15,1664.24,1020.52
1524,-1467.33,1663.81,1020.32
1525,-1467.51,1663.4,1020.03
1526,-1467.72,1663.02,1019.8
1527,-1467.92,1662.64,1019.57
1528,-1468.1,1662.19,1019.21
1529,-1468.33,1661.79,1018.98
1530,-1468.61,1661.39,1018.85
1531,-1468.85,1660.9,1018.6
1532,-1469.1,1660.48,1018.4
1533,-1469.31,1660.09,1018.16
1534,-1469.57,1659.66,1017.96
1535,-1469.83,1659.07,1017.65
1536,-1470.12,1658.65,1017.49
1537,-1470.32,1658.17,1017.27
1538,-1470.58,1657.77,1017.13
1539,-1470.75,1657.32,1016.81
1540,-1470.98,1656.86,1016.55
1541,-1471.2,1656.31,1016.35
1542,-1471.51,1655.94,1016.21
1543,-1471.74,1655.48,1015.99
1544,-1471.96,1654.98,1015.74
1545,-1472.24,1654.46,1015.5
1546,-1472.47,1654,1015.29
1547,-1472.72,1653.57,1015.04
1548,-1473,1653.11,1014.76
1549,-1473.3,1652.61,1014.47
1550,-1473.52,1652.05,1014.1
1551,-1473.73,1651.5,1013.96
1552,-1473.97,1650.91,1013.7
1553,-1474.21,1650.37,1013.5
1554,-1474.47,1649.78,1013.31
1555,-1474.79,1649.08,1013.11
1556,-1475.12,1648.44,1012.9
1557,-1475.35,1647.84,1012.68
1558,-1475.51,1647.2,1012.45
1559,-1475.84,1646.87,1012.28
1560,-1476.07,1646.36,1011.92
1561,-1476.37,1645.86,1011.83
1562,-1476.67,1645.36,1011.7
1563,-1476.98,1644.8,1011.54
1564,-1477.22,1644.05,1011.31
1565,-1477.53,1643.46,1011.17
1566,-1477.78,1642.89,1010.99
1567,-1478.01,1642.33,1010.82
1568,-1478.27,1641.7,1010.75
1569,-1478.63,1641.24,1010.62
1570,-1478.87,1640.47,1010.36
1571,-1479.08,1639.86,1010.15
1572,-1479.2,1639.07,1009.75
1573,-1479.47,1638.46,1009.67
1574,-1479.82,1637.92,1009.51
1575,-1479.87,1637.06,1008.97
1576,-1480.43,1636.74,1009.11
1577,-1480.73,1636.07,1008.88
1578,-1481,1635.51,1008.75
1579,-1481.33,1634.99,1008.69
1580,-1481.52,1634.38,1008.39
1581,-1481.8,1633.83,1008.19
1582,-1482.02,1633.14,1007.85
1583,-1482.33,1632.55,1007.79
1584,-1482.6,1632,1007.55
1585,-1482.84,1631.4,1007.32
1586,-1483.15,1630.9,1007.11
1587,-1483.35,1630.25,1006.91
1588,-1483.63,1629.82,1006.71
1589,-1483.89,1629.22,1006.45
1590,-1484.16,1628.63,1006.26
1591,-1484.37,1628.01,1005.98
1592,-1484.59,1627.37,1005.78
1593,-1484.79,1626.72,1005.57
1594,-1485.01,1626.04,1005.41
1595,-1485.38,1625.49,1005.25
1596,-1485.66,1624.93,1005.11
1597,-1485.96,1624.31,1004.91
1598,-1486.25,1623.67,1004.65
1599,-1486.55,1623.03,1004.47
1600,-1486.81,1622.46,1004.36
1601,-1487.02,1621.76,1004.18
1602,-1487.28,1621.25,1003.92
1603,-1487.26,1620.4,1003.42
1604,-1487.56,1619.86,1003.31
1605,-1488.06,1619.58,1003.57
1606,-1488.19,1618.9,1003.22
1607,-1488.27,1618.35,1003.16
1608,-1488.4,1617.84,1002.96
1609,-1488.61,1617.27,1002.86
1610,-1488.8,1616.74,1002.74
1611,-1489.03,1616.25,1002.58
1612,-1489.27,1615.69,1002.48
1613,-1489.49,1615.09,1002.4
1614,-1489.61,1614.49,1002.13
1615,-1489.82,1613.85,1002.01
1616,-1490.04,1613.38,1002.01
1617,-1490.27,1612.84,1001.77
1618,-1490.52,1612.3,1001.58
1619,-1490.85,1611.73,1001.59
1620,-1491.09,1611.17,1001.47
1621,-1491.38,1610.77,1001.57
1622,-1491.51,1610.19,1001.27
1623,-1491.66,1609.71,1001.16
1624,-1491.87,1609.25,1001.06
1625,-1492.07,1608.77,1000.96
1626,-1492.12,1608.17,1000.65
1627,-1492.36,1607.73,1000.62
1628,-1492.52,1607.27,1000.61
1629,-1492.63,1606.87,1000.44
1630,-1492.75,1606.41,1000.33
1631,-1492.94,1605.94,1000.32
1632,-1493.07,1605.46,1000.19
1633,-1493.19,1604.99,1000.01
1634,-1493.45,1604.46,1000.02
1635,-1493.59,1603.98,999.865
1636,-1493.79,1603.51,999.789
1637,-1493.94,1603.14,999.705
1638,-1494.05,1602.63,999.436
1639,-1494.31,1602.34,999.308
1640,-1494.57,1602,999.313
1641,-1494.77,1601.63,999.111
1642,-1495,1601.27,999.009
1643,-1495.14,1600.82,998.826
1644,-1495.23,1600.28,998.547
1645,-1495.43,1599.8,998.584
1646,-1495.57,1599.39,998.521
1647,-1495.83,1599.04,998.61
1648,-1495.94,1598.47,998.437
1649,-1496.05,1597.79,998.39
1650,-1495.99,1596.66,998.174
1651,-1496.12,1595.35,998.355
1652,-1496.23,1593.62,998.542
1653,-1496.14,1591.44,998.743
1654,-1496.18,1589.08,999.034
1655,-1496.11,1586.4,999.282
1656,-1496.11,1583.7,999.505
1657,-1496.01,1581.08,999.983
1658,-1496.02,1578.64,1000.39
1659,-1495.98,1576.32,1001.12
1660,-1495.86,1574.22,1001.64
1661,-1495.91,1572.34,1002.61
1662,-1495.94,1570.74,1003.59
1663,-1496.08,1569.31,1004.77
1664,-1496.24,1567.98,1006.13
1665,-1496.22,1566.29,1006.98
1666,-1496.33,1564.67,1008.26
1667,-1496.41,1563.01,1009.53
1668,-1496.46,1561.07,1010.57
1669,-1496.53,1559.06,1011.91
1670,-1496.57,1556.77,1012.93
1671,-1496.72,1554.17,1014.09
1672,-1496.76,1551.39,1015.24
1673,-1496.61,1548.51,1016.05
1674,-1496.61,1545.4,1017.03
1675,-1496.64,1542.02,1017.97
1676,-1496.52,1538.49,1018.58
1677,-1496.44,1534.86,1019.29
1678,-1496.38,1531.37,1020.11
1679,-1496.44,1527.75,1020.94
1680,-1496.4,1524.12,1021.49
1681,-1496.34,1520.49,1022.1
1682,-1496.2,1516.72,1022.56
1683,-1496.15,1512.91,1023.06
1684,-1496.11,1509.17,1023.54
1685,-1496.02,1505.22,1023.83
1686,-1495.99,1501.33,1024.34
1687,-1495.92,1497.17,1024.57
1688,-1495.84,1492.97,1024.8
1689,-1495.77,1488.65,1024.99
1690,-1495.72,1484.15,1025.19
1691,-1495.55,1479.4,1025.17
1692,-1495.48,1474.67,1025.37
1693,-1495.35,1469.77,1025.29
1694,-1495.31,1465.07,1025.6
1695,-1495.09,1460.05,1025.44
1696,-1494.87,1455.01,1025.35
1697,-1494.65,1449.95,1025.2
1698,-1494.53,1444.86,1025.13
1699,-1494.45,1439.71,1025.09
1700,-1494.34,1434.44,1024.96
1701,-1494.25,1429.16,1024.87
1702,-1494.2,1423.77,1024.73
1703,-1494.01,1418.21,1024.33
1704,-1493.89,1412.77,1024.16
1705,-1493.84,1407.34,1024.03
1706,-1493.77,1401.74,1023.85
1707,-1493.68,1396.01,1023.5
1708,-1493.53,1390.19,1023.18
1709,-1493.44,1384.44,1022.93
1710,-1493.38,1378.71,1022.79
1711,-1493.24,1372.91,1022.36
1712,-1493.21,1367.28,1022.27
1713,-1493.03,1361.45,1021.84
1714,-1492.84,1355.56,1021.43
1715,-1492.73,1349.83,1021.28
1716,-1492.52,1343.92,1020.94
1717,-1492.35,1337.99,1020.61
1718,-1492.19,1332.12,1020.37
1719,-1491.98,1326.09,1019.93
1720,-1491.86,1320.17,1019.78
1721,-1491.6,1314.03,1019.38
1722,-1491.42,1307.82,1019.11
1723,-1491.21,1301.65,1018.67
1724,-1491.01,1295.48,1018.39
1725,-1490.89,1289.46,1018.22
1726,-1490.77,1283.27,1017.94
1727,-1490.6,1277.06,1017.67
1728,-1490.48,1270.8,1017.34
1729,-1490.36,1264.47,1017.08
1730,-1490.29,1258.37,1016.96
1731,-1490.16,1252.11,1016.59
1732,-1490.01,1245.9,1016.23
1733,-1489.68,1239.61,1015.83
1734,-1489.56,1233.49,1015.62
1735,-1489.42,1227.35,1015.44
1736,-1489.3,1221.16,1015.24
1737,-1489.11,1215.04,1014.98
1738,-1489.01,1209.04,1014.96
1739,-1488.95,1202.76,1014.84
1740,-1488.7,1196.61,1014.6
1741,-1488.59,1190.48,1014.53
1742,-1488.41,1184.17,1014.38
1743,-1488.2,1177.91,1014.17
1744,-1487.95,1171.64,1013.94
1745,-1487.86,1165.44,1013.85
1746,-1487.58,1159.26,1013.58
1747,-1487.43,1153.1,1013.51
1748,-1487.32,1146.81,1013.28
1749,-1487.14,1140.48,1013.05
1750,-1487.15,1134.54,1013.1
1751,-1487.03,1128.29,1012.9
1752,-1486.94,1122.19,1012.71
1753,-1486.93,1116.28,1012.69
1754,-1486.91,1110.23,1012.44
1755,-1486.88,1104.23,1012.36
1756,-1486.74,1098.28,1012.33
1757,-1486.52,1092.44,1012.25
1758,-1486.35,1086.4,1012.03
1759,-1486.29,1080.51,1011.95
1760,-1486.2,1074.66,1011.87
1761,-1486.1,1068.58,1011.76
1762,-1485.84,1062.28,1011.28
1763,-1485.89,1056.47,1011.4
1764,-1485.78,1050.59,1011.37
1765,-1485.63,1044.52,1011.1
1766,-1485.57,1038.51,1011.01
1767,-1485.54,1032.54,1010.85
1768,-1485.61,1026.86,1010.95
1769,-1485.46,1020.91,1010.62
1770,-1485.41,1015.27,1010.49
1771,-1485.32,1009.62,1010.28
1772,-1485.31,1003.99,1010.09
1773,-1485.33,998.439,1009.99
1774,-1485.35,992.835,1009.79
1775,-1485.38,987.388,1009.68
1776,-1485.36,981.965,1009.5
1777,-1485.37,976.537,1009.39
1778,-1485.54,971.035,1009.28
1779,-1485.52,965.497,1008.98
1780,-1485.56,960.012,1008.88
1781,-1485.64,954.618,1008.81
1782,-1485.63,949.111,1008.63
1783,-1485.63,943.548,1008.38
1784,-1485.67,938.041,1008.13
1785,-1485.72,932.547,1007.97
1786,-1485.7,927.069,1007.76
1787,-1485.7,921.723,1007.46
1788,-1485.74,916.509,1007.26
1789,-1485.86,911.591,1007.33
1790,-1485.84,906.287,1006.86
1791,-1485.88,901.065,1006.42
1792,-1486.08,896.243,1006.37
1793,-1486.14,891.22,1006.1
1794,-1486.25,886.302,1006.01
1795,-1486.3,881.425,1005.73
1796,-1486.38,876.586,1005.56
1797,-1486.5,871.75,1005.41
1798,-1486.56,866.763,1005.09
1799,-1486.67,861.909,1004.95
1800,-1486.75,857.028,1004.71
1801,-1486.77,852.181,1004.48
1802,-1486.8,847.296,1004.26
1803,-1486.91,842.482,1004.09
1804,-1487.03,837.7,1003.86
1805,-1487.08,832.924,1003.6
1806,-1487.18,828.221,1003.42
1807,-1487.28,823.724,1003.33
1808,-1487.34,819.166,1003.12
1809,-1487.43,814.58,1002.95
1810,-1487.55,810.156,1002.81
1811,-1487.68,805.836,1002.67
1812,-1487.78,801.378,1002.41
1813,-1487.81,797.08,1002.39
1814,-1487.93,792.765,1002.24
1815,-1488.03,788.485,1002.04
1816,-1488.15,784.169,1001.81
1817,-1488.31,779.935,1001.63
1818,-1488.45,775.859,1001.6
1819,-1488.59,771.581,1001.36
1820,-1488.75,767.501,1001.23
1821,-1488.87,763.428,1001.12
1822,-1488.99,759.359,1000.92
1823,-1489.15,755.392,1000.88
1824,-1489.3,751.237,1000.62
1825,-1489.18,746.883,999.958
1826,-1489.32,742.851,999.851
1827,-1489.44,739.032,999.669
1828,-1489.61,735.204,999.512
1829,-1489.74,731.416,999.399
1830,-1489.86,727.769,999.267
1831,-1489.98,724.054,999.134
1832,-1490.06,720.245,998.984
1833,-1490.13,716.524,998.831
1834,-1490.28,712.892,998.724
1835,-1490.39,709.339,998.566
1836,-1490.52,705.708,998.455
1837,-1490.67,702.153,998.308
1838,-1490.84,698.696,998.198
1839,-1491.04,695.222,998.079
1840,-1491.19,691.691,997.908
1841,-1491.41,688.364,997.769
1842,-1491.53,684.993,997.617
1843,-1491.69,681.655,997.476
1844,-1491.81,678.187,997.252
1845,-1491.98,674.739,996.912
1846,-1492.11,671.318,996.506
1847,-1492.06,668.122,995.901
1848,-1492.1,664.875,995.194
1849,-1492.17,661.456,994.427
1850,-1492.15,658.094,993.399
1851,-1492.11,654.611,992.139
1852,-1492.13,651.298,990.767
1853,-1492.07,647.993,989.318
1854,-1491.98,644.507,987.662
1855,-1491.85,641.163,985.803
1856,-1491.77,637.942,983.78
1857,-1491.68,634.694,981.591
1858,-1491.67,631.531,979.264
1859,-1491.63,628.461,976.797
1860,-1491.58,625.352,974.088
1861,-1491.55,622.148,971.322
1862,-1491.49,619.057,968.434
1863,-1491.47,615.966,965.305
1864,-1491.46,612.837,962.185
1865,-1491.43,609.69,958.882
1866,-1491.37,606.563,955.433
1867,-1491.31,603.415,951.896
1868,-1491.23,600.346,948.22
1869,-1491.13,597.227,944.448
1870,-1491.02,594.024,940.497
1871,-1490.82,590.99,936.597
1872,-1490.73,588.017,932.557
1873,-1490.54,585.041,928.416
1874,-1490.38,581.93,924.242
1875,-1490.17,578.931,920.024
1876,-1489.94,575.906,915.688
1877,-1489.72,572.84,911.272
1878,-1489.47,569.95,906.875
1879,-1489.17,566.85,902.322
1880,-1488.85,563.759,897.734
1881,-1488.5,560.651,893.149
1882,-1488.17,557.582,888.538
1883,-1487.64,554.389,883.782
1884,-1487.27,551.418,879.118
1885,-1486.76,548.368,874.211
1886,-1486.34,545.245,869.512
1887,-1485.81,542.154,864.656
1888,-1485.28,539.07,859.871
1889,-1484.67,536.023,854.953
1890,-1484.11,533.135,850.121
1891,-1483.51,529.948,845.138
1892,-1482.87,526.931,840.244
1893,-1482.32,524.026,835.382
1894,-1481.72,520.994,830.452
1895,-1481.03,517.981,825.505
1896,-1480.31,514.916,820.517
1897,-1479.64,511.875,815.557
1898,-1478.94,508.963,810.662
1899,-1478.22,505.966,805.724
1900,-1477.46,502.904,800.743
1901,-1476.58,499.807,795.64
1902,-1475.77,496.773,790.614
1903,-1474.89,493.722,785.635
1904,-1474.15,490.751,780.635
1905,-1473.26,487.669,775.687
1906,-1472.34,484.596,770.634
1907,-1471.4,481.586,765.599
1908,-1470.42,478.516,760.632
1909,-1469.38,475.424,755.559
1910,-1468.43,472.424,750.601
1911,-1467.41,469.37,745.652
1912,-1466.36,466.355,740.67
1913,-1465.27,463.273,735.597
1914,-1464.08,460.249,730.568
1915,-1462.98,457.225,725.615
1916,-1461.77,454.144,720.668
1917,-1460.58,451.18,715.637
1918,-1459.38,448.079,710.72
1919,-1458.14,444.976,705.743
1920,-1456.92,441.91,700.792
1921,-1455.62,438.796,695.818
1922,-1454.33,435.649,690.857
1923,-1452.99,432.617,685.928
1924,-1451.61,429.543,680.978
1925,-1450.25,426.487,676.064
1926,-1448.84,423.358,671.13
1927,-1447.49,420.366,666.335
1928,-1446.05,417.14,661.324
1929,-1444.63,414.053,656.431
1930,-1443.2,410.976,651.527
1931,-1441.63,407.824,646.645
1932,-1440.11,404.762,641.756
1933,-1438.51,401.664,636.918
1934,-1436.93,398.528,632.033
1935,-1435.24,395.455,627.234
1936,-1433.74,392.448,622.641
1937,-1432.32,389.557,618.235
1938,-1431.01,386.891,614.081
1939,-1429.64,384.264,610.279
1940,-1428.46,381.978,606.95
1941,-1427.15,379.595,604.004
1942,-1426.02,377.289,601.452
1943,-1424.75,374.986,599.453
1944,-1423.39,372.647,598.017
1945,-1421.96,370.103,596.961
1946,-1420.46,367.689,596.442
1947,-1418.87,365.174,596.358
1948,-1417.24,362.655,596.84
1949,-1415.57,360.239,597.71
1950,-1413.86,357.764,598.993
1951,-1412.19,355.373,600.791
1952,-1410.59,353.129,602.885
1953,-1408.88,350.903,605.427
1954,-1407.32,348.704,608.277
1955,-1405.78,346.638,611.422
1956,-1404.27,344.658,614.894
1957,-1402.83,342.864,618.757
1958,-1401.44,341.018,622.826
1959,-1400.12,339.373,627.098
1960,-1398.77,337.649,631.672
1961,-1397.48,336.077,636.312
1962,-1396.22,334.487,641.272
1963,-1394.9,332.849,646.207
1964,-1393.61,331.375,651.378
1965,-1392.31,329.858,656.647
1966,-1390.99,328.484,661.985
1967,-1389.68,327.084,667.384
1968,-1388.39,325.814,672.814
1969,-1387.18,324.68,678.425
1970,-1385.91,323.426,683.923
1971,-1384.73,322.247,689.477
1972,-1383.61,321.197,695.035
1973,-1382.52,320.225,700.558
1974,-1381.42,319.311,706.039
1975,-1380.36,318.454,711.634
1976,-1379.28,317.531,717.083
1977,-1378.27,316.765,722.541
1978,-1377.28,316.038,727.999
1979,-1376.27,315.326,733.287
1980,-1375.3,314.652,738.615
1981,-1374.4,314.112,743.959
1982,-1373.47,313.508,749.238
1983,-1372.55,313.009,754.361
1984,-1371.64,312.6,759.471
1985,-1370.79,312.248,764.442
1986,-1369.98,311.929,769.385
1987,-1369.17,311.557,774.239
1988,-1368.42,311.307,779.108
1989,-1367.66,311.111,783.84
1990,-1366.92,310.912,788.498
1991,-1366.22,310.768,793.161
1992,-1365.59,310.693,797.738
1993,-1365.03,310.619,802.18
1994,-1364.49,310.579,806.634
1995,-1363.94,310.576,811.02
1996,-1363.37,310.597,815.335
1997,-1362.79,310.708,819.614
1998,-1362.28,310.838,823.77
1999,-1361.68,311.018,827.938
2000,-1361.09,311.229,831.997
2001,-1360.53,311.54,836.007
2002,-1359.99,311.904,839.966
2003,-1359.46,312.245,843.948
2004,-1358.85,312.669,847.704
2005,-1358.43,313.077,851.536
2006,-1358,313.541,855.206
2007,-1357.58,313.999,858.882
2008,-1357.19,314.559,862.523
2009,-1356.82,315.148,866.09
2010,-1356.47,315.796,869.536
2011,-1356.16,316.563,873.091
2012,-1355.9,317.361,876.556
2013,-1355.59,318.122,879.925
2014,-1355.33,318.844,883.234
2015,-1355.1,319.689,886.658
2016,-1354.89,320.665,889.834
2017,-1354.74,321.575,893.095
2018,-1354.57,322.596,896.299
2019,-1354.34,323.599,899.468
2020,-1354.17,324.623,902.638
2021,-1354.02,325.743,905.705
2022,-1353.8,326.787,908.699
2023,-1353.68,328.018,911.803
2024,-1353.51,329.104,914.828
2025,-1353.38,330.262,917.784
2026,-1353.24,331.479,920.615
2027,-1353.14,332.782,923.535
2028,-1353,334.063,926.435
2029,-1352.95,335.387,929.251
2030,-1352.91,336.56,932.131
2031,-1352.9,337.868,934.903
2032,-1352.92,339.222,937.681
2033,-1352.97,340.672,940.473
2034,-1353.02,342.09,943.236
2035,-1353.03,343.545,945.885
2036,-1353.11,345.107,948.642
2037,-1353.13,346.557,951.296
2038,-1353.23,347.99,953.875
2039,-1353.38,349.593,956.495
2040,-1353.44,351.053,959.058
2041,-1353.6,352.601,961.791
2042,-1353.7,354.215,964.324
2043,-1353.85,355.796,966.869
2044,-1353.98,357.469,969.445
2045,-1354.14,359.078,971.919
2046,-1354.22,360.697,974.351
2047,-1354.31,362.418,976.853
2048,-1354.36,364.005,979.226
2049,-1354.48,365.726,981.628
2050,-1354.58,367.553,984.016
2051,-1354.7,369.302,986.355
2052,-1354.88,371.125,988.79
2053,-1355.06,372.883,991.112
2054,-1355.28,374.682,993.394
2055,-1355.5,376.404,995.653
2056,-1355.71,378.305,997.961
2057,-1355.99,380.117,1000.3
2058,-1356.31,381.979,1002.5
2059,-1356.61,383.859,1004.73
2060,-1356.92,385.705,1007.01
2061,-1357.21,387.506,1009.16
2062,-1357.52,389.384,1011.39
2063,-1357.82,391.305,1013.56
2064,-1358.08,393.136,1015.73
2065,-1358.34,395.012,1017.89
2066,-1358.59,396.818,1020.02
2067,-1358.84,398.606,1022.13
2068,-1359.18,400.466,1024.24
2069,-1359.43,402.231,1026.24
2070,-1359.71,404.091,1028.3
2071,-1360.07,406.061,1030.33
2072,-1360.34,407.945,1032.33
2073,-1360.65,409.916,1034.31
2074,-1360.94,411.781,1036.25
2075,-1361.26,413.811,1038.22
2076,-1361.59,415.812,1040.09
2077,-1361.94,417.782,1042.06
2078,-1362.26,419.64,1043.92
2079,-1362.58,421.509,1045.73
2080,-1362.89,423.35,1047.61
2081,-1363.25,425.172,1049.38
2082,-1363.5,426.949,1051.12
2083,-1363.92,428.907,1053.02
2084,-1364.22,430.599,1054.72
2085,-1364.63,432.637,1056.5
2086,-1364.98,434.503,1058.28
2087,-1365.25,436.227,1059.94
2088,-1365.63,438.205,1061.67
2089,-1365.91,440.097,1063.29
2090,-1366.29,442.056,1065.03
2091,-1366.63,444.014,1066.79
2092,-1366.92,445.832,1068.28
2093,-1367.3,447.7,1069.97
2094,-1367.67,449.6,1071.6
2095,-1368.02,451.493,1073.22
2096,-1368.43,453.375,1074.76
2097,-1368.85,455.146,1076.37
2098,-1369.17,457.014,1077.94
2099,-1369.54,458.837,1079.43
2100,-1369.9,460.658,1080.92
2101,-1370.28,462.531,1082.52
2102,-1370.55,464.314,1083.92
2103,-1370.89,466.198,1085.35
2104,-1371.43,468.247,1087.19
2105,-1371.76,470.02,1088.63
2106,-1372.09,471.889,1090.04
2107,-1372.46,473.629,1091.46
2108,-1372.84,475.388,1092.76
2109,-1373.15,477.269,1094.26
2110,-1373.43,478.994,1095.63
2111,-1373.81,480.871,1097.06
2112,-1374.08,482.636,1098.32
2113,-1374.44,484.36,1099.68
2114,-1374.58,485.908,1100.82
2115,-1375.01,487.703,1102.21
2116,-1375.37,489.397,1103.38
2117,-1375.66,491.223,1104.68
2118,-1376.04,492.961,1106
2119,-1376.42,494.717,1107.26
2120,-1376.82,496.525,1108.58
2121,-1377.09,498.101,1109.59
2122,-1377.39,499.765,1110.69
2123,-1377.73,501.246,1111.69
2124,-1378.07,502.996,1112.9
2125,-1378.38,504.641,1113.99
2126,-1378.7,506.098,1114.98
2127,-1379.04,507.634,1115.97
2128,-1379.39,509.261,1117.1
2129,-1379.81,510.94,1118.28
2130,-1380.13,512.715,1119.37
2131,-1380.35,514.193,1120.21
2132,-1380.59,515.757,1121.1
2133,-1380.81,517.116,1121.9
2134,-1381.14,518.8,1122.86
2135,-1381.4,520.238,1123.67
2136,-1381.66,521.683,1124.48
2137,-1381.94,523.13,1125.35
2138,-1382.25,524.639,1126.15
2139,-1382.55,526.001,1126.85
2140,-1382.87,527.486,1127.7
2141,-1383.14,528.816,1128.41
2142,-1383.53,530.228,1129.19
2143,-1383.92,531.688,1130.05
2144,-1384.26,533.104,1130.78
2145,-1384.48,534.409,1131.49
2146,-1384.82,535.736,1132.21
2147,-1385.15,537.208,1132.94
2148,-1385.48,538.561,1133.69
2149,-1385.6,539.724,1134.36
2150,-1385.66,540.938,1135.24
2151,-1385.2,541.7,1135.89
2152,-1384.5,542.171,1136.63
2153,-1383.46,542.681,1137.73
2154,-1382.06,542.736,1138.55
2155,-1380.02,542.194,1138.95
2156,-1378.19,542.006,1139.82
2157,-1376.14,541.828,1140.72
2158,-1374.04,541.594,1141.74
2159,-1371.98,541.446,1142.81
2160,-1369.92,541.281,1143.9
2161,-1367.96,541.294,1145
2162,-1366.14,541.356,1146.41
2163,-1364.46,541.502,1147.9
2164,-1362.83,541.663,1149.43
2165,-1361.3,541.978,1151.14
2166,-1359.89,542.273,1152.79
2167,-1358.38,542.401,1154.52
2168,-1356.9,542.374,1156.17
2169,-1355.27,542.363,1157.96
2170,-1353.6,542.173,1159.61
2171,-1351.76,541.945,1161.19
2172,-1349.74,541.529,1162.87
2173,-1347.56,540.963,1164.32
2174,-1345.08,540.282,1165.78
2175,-1342.48,539.515,1167.16
2176,-1339.63,538.665,1168.44
2177,-1336.73,537.638,1169.63
2178,-1333.7,536.464,1170.69
2179,-1330.51,535.356,1171.8
2180,-1327.16,534.178,1172.74
2181,-1323.6,532.921,1173.58
2182,-1319.99,531.464,1174.33
2183,-1316.26,529.846,1174.97
2184,-1312.43,528.316,1175.64
2185,-1308.36,526.733,1176.13
2186,-1304.36,525.373,1176.72
2187,-1300.16,523.697,1177.12
2188,-1295.9,521.977,1177.45
2189,-1291.43,520.167,1177.64
2190,-1287.18,518.626,1178.03
2191,-1282.65,516.633,1178.18
2192,-1277.94,514.655,1178.18
2193,-1273.17,512.667,1178.2
2194,-1268.29,510.479,1178.18
2195,-1263.32,508.174,1178.07
2196,-1258.3,505.817,1177.88
2197,-1253.21,503.387,1177.7
2198,-1247.99,501.046,1177.56
2199,-1242.69,498.585,1177.27
2200,-1237.32,496.029,1176.9
2201,-1231.86,493.52,1176.64
2202,-1226.46,491.01,1176.36
2203,-1220.84,488.399,1175.96
2204,-1215.22,485.778,1175.63
2205,-1209.4,483.058,1175.1
2206,-1203.71,480.422,1174.77
2207,-1197.88,477.653,1174.33
2208,-1191.98,474.857,1173.82
2209,-1186.04,471.948,1173.37
2210,-1180.04,468.993,1172.8
2211,-1173.97,466.095,1172.32
2212,-1167.77,462.993,1171.76
2213,-1161.51,460.012,1171.28
2214,-1155.18,456.949,1170.73
2215,-1148.78,453.917,1170.15
2216,-1142.45,450.814,1169.71
2217,-1136,447.58,1169.09
2218,-1129.54,444.409,1168.61
2219,-1122.98,441.195,1168.06
2220,-1116.38,438.012,1167.47
2221,-1109.83,434.904,1166.99
2222,-1103.17,431.699,1166.4
2223,-1096.47,428.425,1165.99
2224,-1089.69,425.228,1165.41
2225,-1082.93,421.968,1165
2226,-1076.08,418.593,1164.42
2227,-1069.27,415.35,1163.98
2228,-1062.4,412.077,1163.49
2229,-1055.43,408.788,1163
2230,-1048.43,405.407,1162.55
2231,-1041.37,402.123,1162.09
2232,-1034.38,398.764,1161.57
2233,-1027.27,395.281,1161.06
2234,-1020.26,391.795,1160.66
2235,-1013.07,388.312,1160.11
2236,-1005.9,384.887,1159.62
2237,-998.691,381.422,1159.07
2238,-991.525,378.098,1158.66
2239,-984.26,374.607,1158.09
2240,-977.03,371.133,1157.58
2241,-969.745,367.708,1157
2242,-962.514,364.27,1156.57
2243,-955.232,360.863,1156.04
2244,-947.957,357.51,1155.57
2245,-940.574,354.176,1155.07
2246,-933.142,350.824,1154.58
2247,-925.651,347.324,1154.07
2248,-918.249,343.966,1153.54
2249,-910.783,340.6,1153.21
2250,-903.255,337.078,1152.58
2251,-895.788,333.636,1152.24
2252,-888.221,330.195,1151.75
2253,-880.682,326.768,1151.28
2254,-873.088,323.319,1150.79
2255,-865.566,319.99,1150.47
2256,-857.987,316.54,1149.97
2257,-850.402,313.113,1149.61
2258,-842.747,309.58,1148.97
2259,-835.146,306.229,1148.63
2260,-827.563,302.902,1148.27
2261,-819.952,299.581,1147.87
2262,-812.191,296.189,1147.4
2263,-804.513,292.781,1147.02
2264,-796.702,289.352,1146.58
2265,-789.148,286.186,1146.33
2266,-781.368,282.854,1145.84
2267,-773.488,279.367,1145.27
2268,-765.662,275.909,1144.86
2269,-757.916,272.619,1144.38
2270,-750.289,269.498,1144.1
2271,-742.479,266.251,1143.6
2272,-734.756,263.084,1143.17
2273,-726.9,259.695,1142.66
2274,-719.236,256.454,1142.26
2275,-711.448,253.205,1141.89
2276,-703.751,250.001,1141.44
2277,-696.062,246.706,1141.01
2278,-688.375,243.474,1140.57
2279,-680.641,240.331,1140.27
2280,-672.939,237.071,1139.72
2281,-665.078,233.666,1139.09
2282,-657.329,230.406,1138.67
2283,-649.55,227.229,1138.26
2284,-642.203,224.146,1137.86
2285,-634.451,220.908,1137.35
2286,-626.816,217.794,1136.92
2287,-619.168,214.653,1136.55
2288,-611.606,211.873,1136.35
2289,-604.144,208.942,1136.1
2290,-596.524,206.068,1135.65
2291,-589.282,203.319,1135.46
2292,-581.661,200.356,1135.11
2293,-573.874,197.143,1134.6
2294,-566.547,194.448,1134.46
2295,-559.101,191.532,1134.11
2296,-551.553,188.649,1133.69
2297,-543.937,185.582,1133.31
2298,-536.485,182.655,1132.99
2299,-528.956,179.796,1132.54
2300,-521.586,176.922,1132.24
2301,-514.056,174.054,1131.78
2302,-506.799,171.479,1131.69
2303,-499.402,168.49,1131.15
2304,-492.042,165.718,1130.78
2305,-484.78,162.838,1130.43
2306,-477.507,160.13,1130.09
2307,-470.375,157.326,1129.79
2308,-463.302,154.869,1129.67
2309,-456.308,152.22,1129.41
2310,-449.112,149.457,1129.03
2311,-442,146.522,1128.46
2312,-435.234,144.09,1128.43
2313,-428.216,141.387,1127.83
2314,-421.324,138.875,1127.58
2315,-414.481,136.35,1127.39
2316,-407.637,133.705,1126.92
2317,-400.886,131.129,1126.73
2318,-394.13,128.63,1126.31
2319,-387.531,126.111,1126
2320,-380.913,123.532,1125.68
2321,-374.351,121.1,1125.67
2322,-367.776,118.433,1125.14
2323,-361.247,115.95,1124.79
2324,-354.675,113.373,1124.51
2325,-348.216,111.124,1124.43
2326,-341.835,108.521,1124.13
2327,-335.376,106.085,1123.72
2328,-329.014,103.645,1123.44
2329,-322.754,101.305,1122.94
2330,-316.304,99.1307,1122.72
2331,-310.093,96.8411,1122.5
2332,-303.888,94.5793,1122.2
2333,-297.708,92.2673,1121.9
2334,-291.66,90.0675,1121.58
2335,-285.634,87.8567,1121.16
2336,-279.782,85.6524,1121.04
2337,-273.88,83.3581,1120.77
2338,-268.085,81.039,1120.43
2339,-262.271,78.9228,1120.2
2340,-256.602,76.7293,1119.95
2341,-251.126,74.5863,1119.7
2342,-245.415,72.4541,1119.47
2343,-239.945,70.3765,1119.24
2344,-234.464,68.27,1118.97
2345,-229.011,66.0187,1118.78
2346,-223.641,63.8351,1118.53
2347,-218.376,61.9248,1118.52
2348,-212.988,59.6975,1118.15
2349,-207.791,57.8089,1118.11
2350,-202.503,55.605,1117.77
2351,-197.338,53.602,1117.71
2352,-192.328,51.6557,1117.57
2353,-187.022,49.7948,1117.35
2354,-182.184,47.926,1117.32
2355,-177.149,45.8358,1117
2356,-172.184,43.8996,1116.86
2357,-167.343,42.121,1116.88
2358,-162.429,40.1066,1116.58
2359,-157.688,38.3825,1116.52
2360,-152.963,36.6325,1116.5
2361,-148.376,34.5019,1116.17
2362,-143.682,32.7806,1116.13
2363,-139.18,30.8816,1115.87
2364,-134.719,29.1884,1115.94
2365,-130.254,27.4511,1115.58
2366,-125.935,25.5773,1115.56
2367,-121.623,24.0425,1115.57
2368,-117.302,22.1555,1115.4
2369,-113.136,20.4098,1115.35
2370,-108.858,18.8326,1115.29
2371,-104.721,17.1145,1115.24
2372,-100.709,15.3437,1114.99
2373,-96.6805,13.7419,1114.99
2374,-92.7842,11.9884,1114.93
2375,-88.7386,10.2056,1114.73
2376,-84.9269,8.51781,1114.65
2377,-81.0932,6.94598,1114.57
2378,-77.2984,5.35026,1114.4
2379,-73.4724,3.74605,1114.18
2380,-69.8906,2.23695,1114.3
2381,-66.2035,0.458458,1114.16
2382,-62.5848,-1.04154,1114
2383,-59.1541,-2.6307,1113.87
2384,-55.6952,-4.06979,1113.7
2385,-52.3706,-5.54212,1113.54
2386,-48.9799,-6.94201,1113.54
2387,-45.5953,-8.30037,1113.42
2388,-42.3117,-9.52821,1113.3
2389,-39.0891,-10.8543,1113.32
2390,-35.9493,-12.2577,1113.14
2391,-32.7017,-13.7882,1113.04
2392,-29.6593,-15.0395,1113.19
2393,-26.6451,-16.5482,1113
2394,-23.6258,-17.9571,1113.03
2395,-20.5645,-19.3264,1112.88
2396,-17.7237,-20.6493,1112.93
2397,-14.8783,-22.0133,1112.88
2398,-12.1157,-23.386,1112.91
2399,-9.46082,-24.6728,1113.01
2400,-6.78524,-25.8862,1113.08
2401,-4.10356,-27.2483,1112.97
2402,-1.52428,-28.6566,1112.93
2403,0.980218,-29.7125,1112.87
2404,3.45443,-30.7319,1113.12
2405,5.82937,-31.9032,1113.22
2406,8.31976,-33.1153,1113.16
2407,10.706,-34.2527,1113.24
2408,12.9187,-35.2767,1113.34
2409,15.2523,-36.5218,1113.3
2410,17.5052,-37.6256,1113.38
2411,19.7374,-38.7499,1113.49
2412,21.8132,-39.9331,1113.54
2413,23.8723,-41.1431,1113.54
2414,25.922,-42.3383,1113.5
2415,27.8401,-43.3491,1113.74
2416,29.7774,-44.5154,1113.77
2417,31.7137,-45.5359,1113.93
2418,33.6242,-46.6058,1114.04
2419,35.3842,-47.8213,1114
2420,37.119,-48.6566,1114.2
2421,38.8414,-49.6437,1114.3
2422,40.6219,-50.532,1114.36
2423,42.328,-51.4519,1114.48
2424,44.009,-52.3284,1114.53
2425,45.61,-53.33,1114.51
2426,47.2607,-54.377,1114.5
2427,48.7241,-55.2502,1114.68
2428,50.2417,-56.2749,1114.76
2429,51.7208,-57.306,1114.72
2430,53.2241,-58.1694,1114.77
2431,54.5946,-58.8871,1114.82
2432,55.925,-59.7489,1114.77
2433,57.1174,-60.5715,1114.89
2434,58.3118,-61.5717,1114.83
2435,59.5041,-62.4386,1114.91
2436,60.6179,-63.241,1115.02
2437,61.6746,-64.1609,1115.01
2438,62.7396,-64.9922,1114.94
2439,63.8433,-65.7855,1114.86
2440,65.0427,-66.6647,1114.8
2441,66.0767,-67.2944,1114.95
2442,67.1571,-67.9838,1114.93
2443,68.2879,-68.7233,1114.74
2444,69.187,-69.3406,1114.77
2445,70.2752,-70.0661,1114.65
2446,71.2635,-70.8761,1114.44
2447,72.1004,-71.5366,1114.43
2448,72.9373,-72.1192,1114.39
2449,73.7983,-72.8812,1114.27
2450,74.5267,-73.4804,1114.14
2451,75.2322,-73.8762,1114.08
2452,75.9634,-74.5773,1113.9
2453,76.6193,-75.091,1113.93
2454,77.315,-75.6451,1113.82
2455,77.9464,-76.1302,1113.68
2456,78.5571,-76.7131,1113.53
2457,79.0916,-77.1245,1113.48
2458,79.6876,-77.6273,1113.46
2459,80.3517,-78.149,1113.44
2460,81.004,-78.9166,1113.18
2461,81.509,-79.3318,1113.12
2462,81.9597,-79.7116,1113.04
2463,82.39,-80.1427,1113.01
2464,82.7944,-80.6032,1112.95
2465,83.1048,-80.9543,1112.93
2466,83.4488,-81.4308,1112.85
2467,83.7461,-81.9877,1112.73
2468,84.082,-82.419,1112.64
2469,84.4333,-82.8986,1112.56
2470,84.235,-82.3631,1113.59
2471,84.4189,-82.8008,1113.48
2472,84.6307,-83.1814,1113.32
2473,84.8056,-83.4347,1113.31
2474,84.9829,-83.6838,1113.26
2475,85.167,-83.9561,1113.22
2476,85.3942,-84.25,1113.1
2477,85.6469,-84.4781,1113
2478,85.8422,-84.5943,1113.06
2479,86.0238,-84.9134,1112.92
2480,86.0996,-85.0178,1112.97
2481,86.2575,-85.2818,1112.75
2482,86.2488,-85.3922,1112.79
2483,86.2145,-85.6191,1112.7
2484,86.1646,-85.8837,1112.64
2485,86.101,-86.1141,1112.7
2486,86.0514,-86.3394,1112.68
2487,85.9478,-86.4796,1112.72
2488,85.7927,-86.4595,1112.75
2489,85.6502,-86.6253,1112.65
2490,85.4434,-86.6231,1112.74
2491,85.2654,-86.6932,1112.78
2492,85.1147,-86.8348,1112.66
2493,84.9539,-86.9018,1112.64
2494,84.7884,-86.8929,1112.59
2495,84.5174,-86.8648,1112.63
2496,84.38,-86.8522,1112.55
2497,84.1497,-86.8306,1112.58
2498,83.908,-86.8487,1112.52
2499,83.6418,-86.9036,1112.51
2500,83.3532,-86.7892,1112.56
2501,83.0414,-86.6798,1112.56
2502,82.6926,-86.6092,1112.56
2503,82.2828,-86.5981,1112.52
2504,81.8518,-86.546,1112.54
2505,81.4534,-86.509,1112.59
2506,80.9774,-86.4959,1112.57
2507,80.5397,-86.4514,1112.51
2508,80.1339,-86.315,1112.51
2509,79.7446,-86.2006,1112.39
2510,79.3659,-86.0987,1112.33
2511,78.985,-86.023,1112.34
2512,78.5745,-85.883,1112.3
2513,78.109,-85.6628,1112.22
2514,77.646,-85.4223,1112.16
2515,77.1731,-85.1492,1112.15
2516,76.6885,-84.9713,1112.03
2517,76.1532,-84.701,1112
2518,75.7262,-84.4394,1111.93
2519,75.3007,-84.2853,1111.59
2520,74.6573,-83.9581,1111.71
2521,74.2138,-83.8543,1111.62
2522,73.592,-83.5334,1111.56
2523,72.9467,-83.2934,1111.5
2524,72.3376,-83.0382,1111.39
2525,71.8247,-82.8956,1111.34
2526,71.2637,-82.6756,1111.12
2527,70.717,-82.4225,1111.01
2528,70.1318,-82.2206,1110.81
2529,69.3435,-81.8364,1110.91
2530,68.8279,-81.5533,1110.75
2531,68.2127,-81.2854,1110.6
2532,67.56,-80.9186,1110.5
2533,66.9607,-80.4426,1110.45
2534,66.3134,-80.0233,1110.4
2535,65.7449,-79.6458,1110.31
2536,65.1607,-79.2633,1110.24
2537,64.6189,-78.9033,1110.05
2538,64.0529,-78.4436,1109.88
2539,63.4963,-78.1717,1109.62
2540,62.7916,-77.7954,1109.47
2541,62.1338,-77.4281,1109.42
2542,61.4499,-76.9928,1109.38
2543,60.8821,-76.6475,1109.28
2544,60.3802,-76.3976,1109.03
2545,59.7868,-76.0794,1108.81
2546,59.2034,-75.7102,1108.67
2547,58.5404,-75.244,1108.65
2548,57.9341,-74.8325,1108.47
2549,57.2883,-74.3609,1108.37
2550,56.7729,-73.9406,1108.24
2551,56.1439,-73.4401,1107.99
2552,55.5105,-72.9947,1107.84
2553,54.9032,-72.4764,1107.7
2554,54.2964,-72.025,1107.43
2555,53.7102,-71.5964,1107.2
2556,53.0805,-71.0297,1107.18
2557,52.4552,-70.4659,1106.96
2558,51.8483,-69.9234,1106.74
2559,51.2814,-69.4528,1106.6
2560,50.6362,-68.9433,1106.46
2561,50.0415,-68.4129,1106.32
2562,49.4682,-67.9681,1106.13
2563,48.9334,-67.5385,1105.92
2564,48.3988,-67.0513,1105.7
2565,47.7966,-66.4478,1105.44
2566,47.3266,-65.9792,1105.07
2567,46.6721,-65.3359,1104.98
2568,46.0594,-64.7725,1104.97
2569,45.5255,-64.2729,1104.77
2570,45.1131,-63.6854,1104.58
2571,44.5393,-63.2312,1104.32
2572,43.9266,-62.6315,1104.25
2573,43.5024,-62.1009,1103.95
2574,42.9835,-61.4307,1103.84
2575,42.5378,-60.9011,1103.46
2576,42.0372,-60.329,1103.33
2577,41.5758,-59.7125,1103.18
2578,40.9896,-59.0267,1103.1
2579,40.4937,-58.4479,1102.96
2580,40.028,-57.8556,1102.69
2581,39.5313,-57.2972,1102.51
2582,39.0284,-56.6726,1102.39
2583,38.569,-56.1436,1102.18
2584,38.1882,-55.5479,1101.92
2585,37.7757,-55.0221,1101.63
2586,37.2958,-54.4348,1101.42
2587,36.7771,-53.6903,1101.3
2588,36.3043,-52.9428,1101.23
2589,35.9479,-52.439,1101
2590,35.5015,-51.821,1100.85
2591,35.0744,-51.2643,1100.62
2592,34.7071,-50.5396,1100.41
2593,34.2827,-49.8452,1100.17
2594,33.8282,-49.1654,1100.05
2595,33.4144,-48.5042,1099.9
2596,33.0153,-47.9277,1099.65
2597,32.6322,-47.3577,1099.41
2598,32.2987,-46.7866,1099.24
2599,31.9395,-46.2747,1098.97
2600,31.62,-45.705,1098.52
2601,31.2671,-44.9469,1098.36
2602,30.7941,-44.0527,1098.41
2603,30.5558,-43.4748,1098.06
2604,30.1087,-42.7964,1097.91
2605,29.7682,-42.1954,1097.75
2606,29.4702,-41.6863,1097.49
2607,29.1457,-41.0401,1097.3
2608,28.808,-40.4151,1097.09
2609,28.4714,-39.6839,1096.91
2610,28.1861,-38.9746,1096.79
2611,27.9146,-38.3874,1096.56
2612,27.5847,-37.8549,1096.2
2613,27.2612,-37.2302,1096.05
2614,26.9771,-36.6672,1095.87
2615,26.7049,-35.9824,1095.62
2616,26.4328,-35.1956,1095.59
2617,26.1215,-34.4936,1095.28
2618,25.8471,-33.8389,1094.98
2619,25.569,-33.0127,1094.73
2620,25.2759,-32.3182,1094.56
2621,25.029,-31.6431,1094.4
2622,24.785,-31.0261,1094.2
2623,24.4896,-30.3212,1094.04
2624,24.273,-29.7534,1093.88
2625,24.0681,-29.1413,1093.58
2626,23.9001,-28.648,1093.14
2627,23.697,-27.8955,1093.05
2628,23.5308,-27.212,1092.96
2629,23.3632,-26.6111,1092.69
2630,23.1247,-26.0782,1092.55
2631,22.6119,-25.2093,1092.75
2632,22.6082,-24.7394,1092.25
2633,22.4912,-24.2007,1092.08
2634,22.2817,-23.4365,1091.89
2635,22.0796,-22.7528,1091.72
2636,21.9456,-22.1184,1091.56
2637,21.8185,-21.5086,1091.4
2638,21.6147,-20.9378,1091.13
2639,21.3827,-20.261,1090.73
2640,21.1568,-19.5832,1090.62
2641,20.9711,-19.0486,1090.39
2642,20.7647,-18.6306,1090.18
2643,20.6867,-18.2232,1089.87
2644,20.549,-17.761,1089.62
2645,20.3993,-17.1784,1089.42
2646,20.3089,-16.4425,1089.24
2647,20.2349,-15.8291,1089.08
2648,20.2127,-15.3755,1088.7
2649,20.0404,-14.7542,1088.53
2650,19.9178,-14.1948,1088.21
2651,19.8579,-13.6151,1087.8
2652,19.8624,-12.9658,1087.27
2653,19.8623,-12.4852,1086.63
2654,19.7834,-12.0902,1085.79
2655,19.7306,-11.7461,1084.81
2656,19.7151,-11.24,1083.68
2657,19.5964,-10.489,1082.53
2658,19.5539,-10.0311,1081.25
2659,19.4176,-9.37207,1079.66
2660,19.3779,-9.0876,1077.91
2661,19.3146,-8.48621,1076.29
2662,19.2292,-8.05579,1074.14
2663,19.2136,-7.71525,1072.03
2664,19.2548,-7.08308,1069.87
2665,19.1157,-6.86158,1067.29
2666,18.8488,-6.13723,1065.19
2667,18.936,-6.10002,1062.04
2668,18.7378,-5.51367,1059.76
2669,18.7856,-5.51067,1056.4
2670,18.7359,-4.9633,1053.67
2671,18.6802,-4.6264,1050.49
2672,18.7375,-4.37261,1047.39
2673,18.749,-4.00755,1044.07
2674,18.7307,-3.61872,1040.63
2675,18.9079,-3.29191,1037.2
2676,18.7425,-2.86691,1033.7
2677,18.8134,-2.4587,1030.06
2678,18.9423,-2.05389,1026.18
2679,18.828,-1.50856,1022.74
2680,18.7897,-1.15214,1018.97
2681,19.004,-0.768052,1014.9
2682,18.9665,-0.445831,1010.92
2683,18.8669,-0.0394957,1007.25
2684,18.9016,0.276505,1003.15
2685,18.9037,0.382419,999.009
2686,19.118,0.548381,994.708
2687,19.0798,0.920411,990.796
2688,19.0704,1.23252,986.841
2689,19.1378,1.30989,982.465
2690,19.3137,1.57395,978.248
2691,19.4668,1.58459,973.902
2692,19.5067,1.91378,969.973
2693,19.5919,2.13621,965.726
2694,19.8125,2.45248,961.389
2695,19.9843,2.47896,956.939
2696,20.0535,2.862,952.676
2697,20.1423,3.30188,948.619
2698,20.3511,3.48153,944.165
2699,20.5151,3.6456,940.077
2700,20.6712,3.79441,935.65
2701,20.7463,4.03723,931.344
2702,20.9322,4.15685,926.98
2703,21.0786,4.22678,922.59
2704,21.2767,4.36286,918.257
2705,21.3646,4.65513,913.895
2706,21.6064,4.77983,909.584
2707,21.8006,5.00554,905.46
2708,22.0582,5.30821,901.013
2709,22.1738,5.39955,896.741
2710,22.4527,5.55887,892.388
2711,22.678,5.67403,888.103
2712,22.8768,5.81818,883.714
2713,23.125,6.09119,879.565
2714,23.3044,6.16023,875.22
2715,23.5826,6.38786,870.958
2716,23.7385,6.52,866.664
2717,23.8439,6.57525,862.463
2718,24.0954,6.7091,858.19
2719,24.3329,6.87481,853.772
2720,24.5088,7.02654,849.533
2721,24.7783,7.10674,845.148
2722,24.9037,7.33772,841.129
2723,25.1991,7.47353,836.825
2724,25.4092,7.49737,832.545
2725,25.436,7.64713,828.453
2726,25.7479,7.56419,824.083
2727,25.9176,7.64461,819.891
2728,26.2477,7.82706,815.769
2729,26.4468,7.85781,811.447
2730,26.818,7.82554,807.219
2731,27.0687,7.93785,802.825
2732,27.3451,8.04698,798.745
2733,27.5299,7.96448,794.506
2734,27.7466,8.0969,790.263
2735,28.0643,8.14115,786.003
2736,28.4013,8.136,781.722
2737,28.7163,8.37546,777.446
2738,28.9054,8.25047,773.124
2739,29.219,8.30402,769.052
2740,29.488,8.29726,764.681
2741,29.8451,8.26817,760.337
2742,30.2213,8.41269,755.941
2743,30.3427,8.26805,751.671
2744,30.5879,8.5927,747.624
2745,30.8774,8.70778,743.189
2746,30.9502,8.88257,739.204
2747,31.3129,8.99031,734.809
2748,31.5038,9.01621,730.65
2749,31.7017,9.24042,726.451
2750,32.0763,8.96703,722.005
2751,32.2626,8.82881,717.756
2752,32.463,8.90355,713.584
2753,32.7857,9.14807,709.474
2754,33.1171,9.02153,705.144
2755,33.3558,8.94818,701.094
2756,33.6164,8.82832,696.798
2757,33.8963,8.83847,692.732
2758,34.1558,8.87306,688.583
2759,34.384,8.71604,684.368
2760,34.7757,8.94961,680.36
2761,35.0947,8.92936,676.187
2762,35.4342,9.07611,671.908
2763,35.712,9.06304,668.158
2764,35.9977,9.11416,663.939
2765,36.3453,9.17274,659.801
2766,36.6403,9.35893,655.783
2767,36.8677,9.35974,651.799
2768,37.0115,9.33836,647.846
2769,37.3152,9.42299,643.837
2770,37.652,9.3774,639.918
2771,37.7934,9.447,636.003
2772,38.1374,9.41919,631.849
2773,38.2575,9.43005,628.351
2774,38.6984,9.35595,624.252
2775,38.9973,9.3187,620.449
2776,39.2726,9.45581,616.713
2777,39.5381,9.32652,612.849
2778,39.7408,9.41872,609.185
2779,40.1314,9.47964,605.554
2780,40.4558,9.5155,601.74
2781,40.702,9.42045,598.143
2782,40.9096,9.51114,594.699
2783,41.18,9.51273,590.885
2784,41.4944,9.67138,587.724
2785,41.7475,9.78394,584.043
2786,42.028,9.9323,580.814
2787,42.3737,9.90672,577.386
2788,42.6072,9.95638,574.028
2789,42.9535,10.0124,570.742
2790,43.3383,9.87359,567.32
2791,43.7107,10.0924,564.408
2792,44.3597,9.77317,560.76
2793,44.6401,10.1958,558.076
2794,44.8538,10.3251,555.021
2795,45.3955,10.4096,552.228
2796,45.6865,10.4248,549.166
2797,46.0001,10.4905,546.517
2798,46.3021,10.5057,543.755
2799,46.5303,10.6914,541.316
2800,47.0164,10.7473,538.469
2801,47.267,10.8421,536.309
2802,47.7355,10.92,533.799
2803,48.1233,10.8865,531.335
2804,48.5666,10.8565,528.858
2805,49.0899,11.1857,526.973
2806,49.5121,11.218,524.737
2807,49.9384,11.4868,522.6
2808,50.4406,11.5649,520.871
2809,51.019,11.3792,518.253
2810,51.3903,11.6846,516.847
2811,51.9104,11.9755,515.237
2812,52.3356,11.8801,513.404
2813,52.6537,11.8805,511.599
2814,53.0835,11.8918,510.094
2815,53.5764,11.7639,508.394
2816,53.8345,11.6151,506.931
2817,54.3009,11.6076,505.139
2818,54.7435,11.5452,503.877
2819,55.2338,11.4478,502.325
2820,55.6268,11.5152,500.871
2821,56.1332,11.6814,499.651
2822,56.6287,11.7546,498.279
2823,57.1457,11.716,496.82
2824,57.5403,11.8083,495.773
2825,58.0622,11.7832,494.607
2826,58.6434,11.8675,493.377
2827,59.0999,11.7039,492.164
2828,59.5005,11.617,491.172
2829,60.0128,11.8017,489.964
2830,60.5462,11.6702,489.275
2831,61.2481,11.327,488.011
2832,61.7785,11.1799,487.06
2833,62.2797,11.0448,486.268
2834,62.9722,10.8939,485.175
2835,63.5388,10.8484,484.227
2836,64.0919,10.7966,483.323
2837,64.765,10.6968,482.096
2838,65.2225,10.727,481.413
2839,65.8356,10.8067,480.688
2840,66.4033,10.7681,479.882
2841,66.9911,10.7008,478.921
2842,67.2334,10.7046,478.302
2843,67.9404,10.5104,477.144
2844,68.3901,10.5778,476.515
2845,69.0117,10.6034,475.74
2846,69.5477,10.2762,474.81
2847,69.9719,10.0581,474.107
2848,70.3388,10.114,473.654
2849,70.8772,9.89784,473.05
2850,71.5155,9.90873,472.179
2851,71.9775,9.75546,471.891
2852,72.5882,9.54373,471.144
2853,73.2393,9.27834,470.182
2854,73.7004,9.13975,469.712
2855,74.2465,8.95834,469.167
2856,74.8475,9.03586,468.992
2857,75.3112,8.83549,468.493
2858,75.8407,8.57482,468.022
2859,76.2836,8.3453,467.424
2860,76.8688,8.08157,466.894
2861,77.2987,7.70856,466.25
2862,77.798,7.68541,465.848
2863,78.3041,7.54033,465.471
2864,78.8489,7.29209,465.107
2865,79.353,7.0827,464.652
2866,79.8808,6.96196,464.28
2867,80.3942,6.82076,463.898
2868,80.8424,6.64667,463.618
2869,81.2767,6.48837,463.53
2870,81.8775,6.22339,463.085
2871,82.3935,5.97538,462.791
2872,82.9142,5.82897,462.591
2873,83.498,5.66591,462.422
2874,84.1617,5.39767,462.001
2875,84.7509,5.29535,461.736
2876,85.4652,5.21498,461.466
2877,86.1152,5.02051,461.122
2878,86.8712,4.93036,460.744
2879,87.5254,4.77604,460.403
2880,88.2153,4.39213,459.653
2881,89.009,4.19972,458.973
2882,89.9759,3.89874,457.63
2883,90.5951,3.66319,456.827
2884,91.4144,3.58461,456.074
2885,92.3264,3.20191,454.612
2886,93.0696,2.92465,453.248
2887,93.7668,2.81975,451.958
2888,94.6844,2.42275,450.374
2889,95.5257,2.11906,448.375
2890,96.3072,1.9223,446.632
2891,97.0069,1.41125,444.671
2892,97.9428,1.20627,442.728
2893,98.7103,0.969766,440.651
2894,99.5455,0.593153,438.148
2895,100.352,0.528659,436.147
2896,101.38,0.116787,433.441
2897,102.299,-0.179553,430.84
2898,103.28,-0.385371,428.568
2899,104.114,-0.948793,425.861
2900,105.019,-1.30159,423.259
2901,106.161,-1.43047,420.671
2902,107.118,-1.98224,417.709
2903,108.108,-2.31086,415.175
2904,109.244,-3.02867,412.025
2905,110.276,-3.3738,409.258
2906,111.427,-3.90524,406.334
2907,112.684,-4.37895,403.171
2908,113.891,-4.90081,400.273
2909,115.157,-5.4514,397.108
2910,116.477,-5.80528,394.215
2911,117.811,-6.28921,391.063
2912,119.277,-7.01574,387.609
2913,120.639,-7.39648,384.433
2914,122.081,-8.21259,380.963
2915,123.748,-8.77016,377.228
2916,125.272,-9.14647,373.871
2917,126.817,-9.7517,370.243
2918,128.559,-10.251,366.569
2919,129.889,-10.6575,363.433
2920,131.706,-11.4246,359.664
2921,133.36,-11.9834,356.098
2922,134.938,-12.7558,352.616
2923,136.747,-13.2943,349.272
2924,138.569,-14.1805,345.792
2925,140.308,-14.8623,342.364
2926,142.165,-15.7223,338.854
2927,143.933,-16.3581,335.765
2928,145.828,-17.2004,332.561
2929,147.768,-17.9179,329.076
2930,149.625,-18.7909,326.064
2931,151.679,-19.5132,322.771
2932,153.713,-20.3845,319.559
2933,155.67,-20.9795,316.615
2934,157.688,-21.954,313.478
2935,159.73,-22.6047,310.75
2936,161.825,-23.3622,307.571
2937,164.049,-23.9186,304.782
2938,166.535,-24.9319,301.687
2939,168.48,-26.0996,298.705
2940,170.852,-26.6759,296.139
2941,173.14,-27.4481,293.302
2942,175.564,-28.2994,290.494
2943,177.976,-29.546,287.806
2944,180.351,-30.2607,285.336
2945,182.831,-31.3736,282.558
2946,185.336,-32.2241,280.19
2947,187.907,-33.2282,277.358
2948,190.484,-34.308,274.935
2949,193.01,-35.0438,272.372
2950,195.737,-36.1332,269.33
2951,198.425,-37.3067,266.075
2952,200.929,-38.2356,263.019
2953,203.704,-39.3528,259.44
2954,206.344,-40.1624,255.43
2955,209.247,-41.6951,250.813
2956,211.982,-42.3544,246.32
2957,214.703,-43.3139,241.163
2958,217.528,-44.4274,235.735
2959,220.306,-45.4063,229.786
2960,223.097,-46.3949,223.04
2961,225.929,-47.7233,216.008
2962,228.488,-48.3677,210.037
2963,229.292,-48.63,210.65
2964,228.171,-48.4412,213.867
2965,227.584,-48.1616,216.827
2966,227.188,-47.8915,218.799
2967,226.536,-47.7878,220.454
2968,226.094,-47.5083,221.378
2969,225.569,-47.3389,221.151
2970,224.836,-47.1677,220.965
2971,224.471,-46.7792,219.592
2972,223.815,-47.1665,217.564
2973,223.119,-46.5297,215.46
2974,222.956,-47.2174,213.26
2975,224.214,-48.3357,212.36
2976,226.326,-49.6613,212.619
2977,228.827,-50.4827,212.851
2978,230.989,-51.3871,212.642
2979,233,-51.5869,212.94
2980,234.476,-51.5234,213.063
2981,235.631,-51.099,212.924
2982,236.274,-50.8853,212.614
2983,236.522,-50.8358,212.834
2984,236.362,-50.8845,212.854
2985,235.812,-51.0033,212.704
2986,235.027,-51.0886,212.691
2987,233.943,-51.3405,212.395
2988,232.543,-51.7299,212.102
2989,231.224,-52.1236,211.778
2990,229.896,-52.0774,211.799
2991,228.71,-51.9643,212.058
2992,228.006,-51.6564,212.393
2993,227.603,-51.4348,212.592
2994,227.528,-51.3042,212.546
2995,227.754,-51.2083,212.594
2996,228.349,-51.2005,212.45
2997,229.301,-51.2602,212.089
2998,230.213,-51.433,211.863
2999,231.058,-51.4198,211.896
3000,231.819,-51.6628,211.878
3001,232.169,-51.635,212.015
3002,232.442,-51.6339,212.169
3003,232.492,-51.6068,212.105
3004,232.259,-51.6065,212.043
3005,231.881,-51.5183,211.874
3006,231.234,-51.3539,211.946
3007,230.569,-51.4376,211.927
3008,230.029,-51.3663,211.853
3009,229.551,-51.2563,212.115
3010,229.315,-51.3078,212.095
3011,229.27,-51.3553,212.04
3012,229.38,-51.4677,212.008
3013,229.677,-51.451,211.93
3014,230.137,-51.6433,211.729
3015,230.574,-51.4568,211.832
3016,230.933,-51.5217,211.764
3017,231.137,-51.4543,211.841
3018,231.262,-51.4024,211.894
3019,231.474,-52.2187,211.085
3020,231.363,-52.2567,211.128
3021,231.012,-52.3352,211.207
3022,230.758,-52.2916,211.133
3023,230.428,-52.2829,211.166
3024,230.217,-52.1747,211.293
3025,230.131,-52.054,211.344
3026,230.188,-52.1222,211.241
3027,230.286,-52.1794,211.359
3028,230.479,-52.2088,211.23
3029,230.722,-52.2974,211.144
3030,230.964,-52.3096,210.968
3031,231.04,-52.2325,211.081
3032,231.114,-52.3913,211.043
3033,231.007,-52.2683,211.097
3034,230.828,-52.1969,210.944
3035,230.774,-52.261,211.027
3036,230.637,-52.2334,211.112
3037,230.569,-52.3108,211.079
3038,230.521,-52.3152,211.124
3039,230.55,-52.3002,211.098
3040,230.668,-52.2804,211.076
3041,230.577,-52.1973,211.295
3042,230.709,-52.1809,211.101
3043,230.808,-52.3357,211.088
3044,230.795,-52.2626,211.132
3045,230.913,-52.3148,210.963
3046,230.781,-52.2893,211.107
3047,230.716,-52.2445,211.141
3048,230.704,-52.3212,211.075
3049,230.617,-52.3236,211.15
3050,230.666,-52.3929,211.172
3051,230.552,-52.1802,211.279
3052,230.711,-52.2768,211.099
3053,230.747,-52.2635,211.084
3054,230.738,-52.2013,211.186
3055,230.737,-52.3084,211.112
3056,230.797,-52.3215,211.076
3057,230.805,-52.3331,211.069
3058,230.774,-52.3357,211.07
3059,230.754,-52.3195,211.142
3060,230.602,-52.1637,211.251
3061,230.728,-52.3406,211.217
3062,230.652,-52.3013,211.139
3063,230.592,-52.3068,211.186
3064,230.622,-52.3026,211.258
3065,230.665,-52.2702,211.203
3066,230.772,-52.2702,211.046
3067,230.826,-52.3041,211.026
3068,230.739,-52.2813,211.033
3069,230.689,-52.3343,211.099
3070,230.585,-52.3153,211.197
3071,230.674,-52.3338,211.076
3072,230.69,-52.3707,211.036
3073,230.748,-52.2692,211.04
3074,230.697,-52.2407,211.101
3075,230.694,-52.348,211.273
3076,230.678,-52.3308,211.119
3077,230.699,-52.3265,211.106
3078,230.674,-52.3021,211.142
3079,230.709,-52.3028,211.101
3080,230.705,-52.3476,211.068
3081,230.664,-52.3561,211.122
3082,230.732,-52.3403,211.157
3083,230.708,-52.2624,211.099
3084,230.725,-52.3241,211.108
3085,230.67,-52.229,211.071
3086,230.751,-52.395,211.15
3087,230.666,-52.3521,211.099
3088,230.742,-52.272,211.066
3089,230.736,-52.2755,211.039
3090,230.727,-52.2601,211.107
3091,230.747,-52.2694,211.028
3092,230.711,-52.3156,211.052
3093,230.7,-52.3558,211.075
3094,230.719,-52.3707,210.986
3095,230.708,-52.4146,211.004
3096,230.712,-52.3388,211.055
3097,230.745,-52.3482,210.994
3098,230.636,-52.2607,211.038
3099,230.733,-52.3355,211.073
3100,230.731,-52.3243,211.072
3101,230.705,-52.3117,211.116
3102,230.745,-52.279,211.068
3103,230.776,-52.3115,210.943
3104,230.742,-52.3668,211.139
3105,230.66,-52.3434,211.04
3106,230.67,-52.27,211.12
3107,230.709,-52.3162,211.039
3108,230.698,-52.2566,211.038
3109,230.709,-52.2623,211.142
3110,230.765,-52.31,211.019
3111,230.706,-52.3619,211.129
3112,230.749,-52.2221,211.027
3113,230.746,-52.2947,211.024
3114,230.737,-52.3342,211.04
3115,230.721,-52.3353,211.028
3116,230.7,-52.3106,210.994
3117,230.757,-52.2779,211.041
3118,230.687,-52.3243,211.05
3119,230.822,-52.3522,210.95
3120,230.739,-52.2968,211.001
3121,230.739,-52.3143,211.059
3122,230.708,-52.3261,210.87
3123,230.709,-52.3478,211.067
3124,230.74,-52.353,211.03
3125,230.719,-52.2826,211.066
3126,230.758,-52.3424,211.07
3127,230.719,-52.3728,211.026
3128,230.796,-52.3674,210.995
3129,230.736,-52.3209,211.038
3130,230.704,-52.2433,211.114
3131,230.721,-52.3232,211.125
3132,230.746,-52.3146,211.211
3133,230.664,-52.3645,211.108
3134,230.714,-52.3193,211.065
3135,230.698,-52.2875,211.037
3136,230.683,-52.333,211.084
3137,230.722,-52.2932,211.045
3138,230.692,-52.3151,211.082
3139,230.724,-52.2765,211.063
3140,230.725,-52.3052,211.076
3141,230.683,-52.2857,211.116
3142,230.702,-52.2692,211.112
3143,230.692,-52.3541,211.078
3144,230.739,-52.3324,211.119
3145,230.703,-52.3396,211.015
3146,230.726,-52.326,210.994
3147,230.685,-52.3691,211.066
3148,230.666,-52.341,211.079
3149,230.677,-52.3628,211.109
3150,230.706,-52.351,211.053
3151,230.72,-52.2799,211.026
3152,230.689,-52.3098,211.041
3153,230.674,-52.321,211.096
3154,230.692,-52.3208,211.04
3155,230.714,-52.3268,211.025
3156,230.73,-52.3288,211.055
3157,230.695,-52.2984,211.094
3158,230.731,-52.3899,211.099
3159,230.791,-52.3509,210.978
3160,230.73,-52.2608,211.123
3161,230.681,-52.356,211.076
3162,230.751,-52.3207,211.017
3163,230.753,-52.4291,210.993
3164,230.72,-52.3458,211.076
3165,230.76,-52.3257,211.015
3166,230.738,-52.3563,211.028
3167,230.73,-52.3437,211.039
3168,230.72,-52.2742,211.067
3169,230.68,-52.2563,211.087
3170,230.73,-52.3148,211.026
3171,230.735,-52.3972,211.115
3172,230.673,-52.2625,211.056
3173,230.716,-52.3463,211.053
3174,230.729,-52.3741,210.985
3175,230.702,-52.3056,211.088
3176,230.756,-52.3218,210.985
3177,230.767,-52.315,210.977
3178,230.713,-52.3285,210.985
3179,230.66,-52.2736,210.922
3180,230.701,-52.341,211.088
3181,230.672,-52.3347,211.102
3182,230.729,-52.3028,211.057
3183,230.697,-52.3665,211.066
3184,230.689,-52.3643,211.016
3185,230.699,-52.3757,211.033
3186,230.699,-52.3422,211.067
3187,230.749,-52.3328,211.008
3188,230.676,-52.2747,210.967
3189,230.717,-52.3581,211.05
3190,230.76,-52.3769,211.012
3191,230.726,-52.3546,211.056
3192,230.672,-52.4407,211.076
3193,230.821,-52.3427,210.921
3194,230.694,-52.2053,211.082
3195,230.733,-52.332,211.056
3196,230.459,-51.6032,211.717
3197,230.374,-51.4863,211.9
3198,230.538,-51.589,211.692
3199,230.49,-51.5462,211.73
3200,230.478,-51.5782,211.687
3201,230.466,-51.5687,211.755
3202,230.489,-51.568,211.743
3203,230.518,-51.4815,211.74
3204,230.403,-51.5219,211.981
3205,230.382,-51.5835,211.844
3206,230.499,-51.5511,211.751
3207,230.491,-51.5376,211.762
3208,230.459,-51.5722,211.798
3209,230.475,-51.5726,211.693
3210,230.461,-51.6227,211.742
3211,230.478,-51.5489,211.719
3212,230.462,-51.6144,211.712
3213,230.451,-51.5975,211.77
3214,230.475,-51.5868,211.698
3215,230.5,-51.5457,211.73
3216,230.386,-51.5147,211.954
3217,230.385,-51.5138,211.866
3218,230.478,-51.5263,211.698
3219,230.467,-51.5427,211.751
3220,230.497,-51.5159,211.704
3221,230.509,-51.5312,211.728
3222,230.476,-51.5932,211.681
3223,230.483,-51.5656,211.701
3224,230.49,-51.5937,211.706
3225,230.489,-51.5522,211.69
3226,230.498,-51.5241,211.724
3227,230.444,-51.6252,211.734
3228,230.488,-51.5425,211.736
3229,230.505,-51.4535,211.787
3230,230.507,-51.5815,211.666
3231,230.474,-51.6208,211.688
3232,230.454,-51.6316,211.677
3233,230.546,-51.7085,211.723
3234,230.508,-51.5877,211.716
3235,230.484,-51.5983,211.704
3236,230.487,-51.6164,211.69
3237,230.473,-51.657,211.705
3238,230.508,-51.5482,211.642
3239,230.497,-51.5677,211.738
