1,108.223,-70.3817,948.589
2,108.543,-70.9835,949.457
3,108.899,-71.2142,950.139
4,109.783,-70.9124,952.482
5,110.2,-71.4611,952.999
6,110.527,-71.8493,953.75
7,110.736,-72.1435,954.65
8,110.992,-72.46,955.257
9,111.205,-72.7631,955.929
10,111.459,-73.0982,956.523
11,111.635,-73.5325,957.214
12,111.742,-73.9509,957.947
13,111.964,-74.3423,958.443
14,112.145,-74.7837,958.988
15,112.432,-75.0901,959.481
16,112.651,-75.5612,959.889
17,112.889,-76.0979,960.307
18,113.027,-76.4716,960.833
19,113.092,-76.7685,961.429
20,113.289,-77.1768,961.835
21,113.492,-77.6743,962.094
22,113.656,-78.1855,962.408
23,113.715,-78.4046,962.929
24,113.738,-78.9089,963.441
25,113.851,-79.2111,963.858
26,114.049,-79.5702,964.282
27,114.185,-80.0153,964.636
28,114.249,-80.4388,964.837
29,114.42,-80.8072,965.094
30,114.542,-81.2159,965.355
31,114.645,-81.62,965.471
32,114.771,-81.9559,965.75
33,114.986,-82.192,965.925
34,115.098,-82.6029,966.073
35,115.071,-82.9197,966.319
36,115.217,-83.3049,966.336
37,115.12,-83.6631,966.641
38,115.142,-83.8888,966.83
39,115.118,-84.3354,966.926
40,115.691,-85.6997,965.676
41,115.681,-85.9355,965.778
42,115.666,-86.2136,965.862
43,115.656,-86.5565,965.926
44,115.674,-86.9723,965.961
45,115.582,-87.2756,966.058
46,115.58,-87.5537,966.168
47,115.535,-87.9524,966.146
48,115.512,-88.3109,966.135
49,115.461,-88.518,966.279
50,115.53,-88.8773,966.196
51,115.589,-89.23,966.162
52,115.591,-89.5674,966.159
53,115.599,-89.7764,966.141
54,115.552,-90.0483,966.106
55,115.52,-90.4958,966.046
56,115.447,-90.8856,965.933
57,115.395,-91.2235,965.885
58,115.386,-91.5037,965.756
59,115.315,-91.857,965.605
60,115.235,-92.1141,965.522
61,115.19,-92.4717,965.24
62,115.101,-92.8102,965.096
63,114.989,-93.2051,964.88
64,114.909,-93.6247,964.703
65,114.823,-94.0204,964.48
66,114.793,-94.3528,964.296
67,114.695,-94.5189,964.129
68,114.58,-94.7515,963.922
69,114.478,-94.9554,963.704
70,113.887,-94.2776,964.656
71,113.794,-94.5044,964.388
72,113.713,-94.7078,964.144
73,113.6,-94.9557,963.839
74,113.494,-95.1436,963.533
75,113.349,-95.3477,963.33
76,113.209,-95.461,963.032
77,113.091,-95.7695,962.679
78,113.009,-95.9945,962.375
79,112.776,-96.0696,962.149
80,112.787,-96.3428,961.832
81,112.475,-96.5725,961.657
82,112.466,-96.8138,961.317
83,112.288,-97.1821,960.94
84,112.137,-97.5079,960.723
85,111.934,-97.8744,960.523
86,111.767,-98.1727,960.28
87,111.578,-98.3092,960.086
88,111.381,-98.6832,959.687
89,111.104,-98.9532,959.427
90,110.884,-99.1473,959.171
91,110.671,-99.276,958.881
92,110.476,-99.4008,958.654
93,110.326,-99.6192,958.355
94,110.109,-99.7451,958.04
95,110.036,-99.9042,957.746
96,109.851,-99.9481,957.436
97,109.737,-100.096,957.179
98,109.538,-100.283,956.876
99,109.379,-100.39,956.655
100,109.187,-100.503,956.374
101,108.933,-100.669,956.109
102,108.616,-100.711,955.984
103,108.365,-100.978,955.597
104,108.023,-101.115,955.403
105,107.79,-101.337,955.175
106,107.512,-101.438,955.011
107,107.239,-101.825,954.663
108,106.921,-101.972,954.397
109,106.627,-102.191,954.112
110,106.281,-102.236,953.955
111,106.047,-102.306,953.749
112,105.85,-102.539,953.38
113,105.575,-102.571,953.306
114,105.355,-102.649,953.034
115,105.117,-102.743,952.754
116,104.846,-102.841,952.526
117,104.584,-102.976,952.182
118,104.304,-103.008,952.017
119,104.058,-103.083,951.778
120,103.71,-103.062,951.562
121,103.469,-103.11,951.345
122,103.151,-103.124,951.19
123,102.845,-103.224,950.902
124,102.556,-103.292,950.669
125,102.284,-103.419,950.45
126,101.962,-103.509,950.287
127,101.619,-103.63,950.027
128,101.317,-103.786,949.772
129,101.014,-103.864,949.587
130,100.626,-103.976,949.319
131,100.336,-103.996,949.161
132,100.063,-104.139,948.917
133,99.7419,-104.148,948.755
134,99.3973,-104.247,948.446
135,99.054,-104.171,948.258
136,98.7287,-104.227,948.063
137,98.3946,-104.25,947.861
138,98.0994,-104.162,947.687
139,97.7522,-104.093,947.495
140,97.4434,-104.134,947.254
141,97.1293,-104.102,947.101
142,96.8538,-104.07,946.946
143,96.5288,-103.981,946.838
144,96.2494,-104.05,946.682
145,95.9189,-104.084,946.477
146,95.5772,-104.334,946.23
147,95.2163,-104.389,946.025
148,94.8825,-104.466,945.847
149,94.5721,-104.497,945.676
150,94.2667,-104.516,945.44
151,93.982,-104.464,945.341
152,93.694,-104.388,945.155
153,93.3972,-104.394,944.969
154,93.0834,-104.308,944.807
155,92.7198,-104.368,944.672
156,92.4546,-104.329,944.412
157,92.1246,-104.26,944.294
158,91.7984,-104.293,944.04
159,91.4353,-104.046,944.112
160,91.1162,-103.989,943.804
161,90.7384,-103.985,943.638
162,90.4625,-103.894,943.398
163,90.1364,-103.927,943.182
164,89.829,-103.83,943.075
165,89.5546,-103.766,943.091
166,89.3191,-103.7,943.134
167,89.1734,-103.633,943.231
168,88.9497,-103.527,943.414
169,88.6937,-103.312,943.87
170,88.5617,-103.05,944.39
171,88.41,-102.895,944.915
172,88.215,-102.7,945.601
173,88.2315,-102.64,946.347
174,87.9608,-102.313,947.519
175,87.7656,-102.14,948.589
176,87.5427,-101.881,949.674
177,87.2364,-101.683,950.993
178,87.0797,-101.55,952.353
179,86.8732,-101.407,953.859
180,86.5531,-101.096,955.564
181,86.4839,-100.834,957.439
182,86.258,-100.578,959.275
183,86.0125,-100.391,961.145
184,85.8358,-100.021,963.243
185,85.6826,-99.7724,965.309
186,85.4423,-99.3389,967.517
187,85.4124,-98.9967,969.846
188,85.2657,-98.7587,972.177
189,85.1029,-98.4563,974.372
190,85.1238,-98.2223,976.831
191,85.0647,-97.9514,979.166
192,84.9626,-97.5463,981.638
193,84.9267,-97.2833,984.093
194,84.8436,-96.7211,986.693
195,84.7984,-96.2987,989.258
196,84.6622,-95.817,991.9
197,84.6348,-95.4464,994.423
198,84.5728,-94.9302,996.991
199,84.4388,-94.5677,999.507
200,84.2595,-93.9212,1002.11
201,84.2919,-93.6456,1004.45
202,84.0915,-92.9239,1007.28
203,84.0256,-92.6005,1009.77
204,83.9859,-92.3767,1012.2
205,83.9043,-91.8309,1014.68
206,83.756,-91.2375,1017.23
207,83.7371,-90.8535,1019.55
208,83.6684,-90.2299,1022.07
209,83.5038,-89.6336,1024.65
210,83.558,-89.1913,1027.02
211,83.5369,-88.6125,1029.34
212,83.4502,-88.0938,1031.79
213,83.3872,-87.5955,1033.96
214,83.3308,-86.9754,1036.39
215,83.3098,-86.399,1038.6
216,83.336,-85.9348,1040.68
217,83.2962,-85.3437,1043.1
218,83.1416,-84.6428,1045.32
219,82.9821,-84.1926,1047.5
220,83.0261,-83.71,1049.45
221,83.0307,-83.4643,1051.25
222,82.7908,-82.6,1053.62
223,82.7392,-82.0937,1055.53
224,82.8202,-81.607,1057.46
225,82.6875,-80.8223,1059.66
226,82.5881,-80.4127,1061.36
227,82.4932,-79.9025,1063.26
228,82.3508,-79.2349,1065.31
229,82.2894,-78.6945,1067.05
230,82.1805,-78.2703,1068.59
231,81.8935,-77.5134,1070.6
232,81.7637,-76.9252,1072.4
233,81.7547,-76.4285,1073.95
234,81.5704,-75.7142,1075.79
235,81.3434,-75.0305,1077.7
236,81.2537,-74.6294,1079.19
237,81.1496,-73.8305,1080.99
238,81.0758,-73.3679,1082.54
239,80.9058,-72.7124,1084.1
240,80.8018,-72.1219,1085.75
241,80.6041,-71.4372,1087.45
242,80.5539,-71.0715,1088.88
243,80.3487,-70.6082,1090.41
244,80.8376,-70.8304,1090.96
245,80.6001,-70.3811,1092.31
246,80.4197,-69.743,1093.88
247,80.1426,-69.0765,1095.23
248,80.0016,-68.5438,1096.79
249,79.7622,-67.9281,1098.27
250,79.0923,-66.4082,1100.86
251,78.9895,-66.0874,1102.11
252,78.7469,-65.4973,1103.73
253,78.3344,-64.8714,1105.16
254,78.2568,-64.4258,1106.41
255,78.0753,-63.6356,1107.82
256,77.8394,-62.975,1109.41
257,77.5718,-62.4252,1110.73
258,77.5067,-61.9789,1112
259,77.4561,-61.652,1113.15
260,77.1649,-61.0346,1114.73
261,76.9704,-60.5762,1116.02
262,76.7918,-60.0888,1117.17
263,76.4424,-59.4424,1118.77
264,76.2569,-58.8288,1120.05
265,75.9955,-58.2491,1121.44
266,75.7894,-57.7602,1122.58
267,75.5537,-57.2813,1123.91
268,75.2556,-56.7871,1125.13
269,75.1245,-56.2725,1126.29
270,74.8291,-55.6641,1127.74
271,74.5257,-55.238,1128.8
272,74.4215,-54.8515,1129.78
273,74.0725,-54.2144,1131.07
274,73.9141,-53.7264,1132.13
275,73.5488,-53.1097,1133.4
276,73.3574,-52.7884,1134.28
277,73.0208,-52.1765,1135.49
278,72.7876,-51.8267,1136.6
279,72.6712,-51.4388,1137.52
280,72.5232,-51.0645,1138.44
281,72.2259,-50.3946,1139.54
282,71.9724,-50.0877,1140.34
283,71.8213,-49.6696,1141.37
284,71.4991,-49.0383,1142.52
285,71.3788,-48.849,1143.25
286,71.1415,-48.3128,1144.16
287,71.0064,-47.852,1145.17
288,70.6904,-47.4664,1146.05
289,70.5212,-47.0819,1146.78
290,70.2853,-46.7929,1147.61
291,70.1626,-46.2888,1148.35
292,69.8562,-45.7907,1149.29
293,69.7064,-45.4344,1149.92
294,69.3023,-44.9941,1151.01
295,69.0767,-44.3856,1151.89
296,68.8152,-44.0605,1152.64
297,68.6872,-43.8003,1153.23
298,68.5744,-43.403,1153.94
299,68.4435,-43.0124,1154.73
300,68.2338,-42.5088,1155.55
301,68.0293,-42.0828,1156.37
302,67.9723,-41.6714,1157.02
303,67.7933,-41.4203,1157.63
304,67.6628,-40.9779,1158.31
305,67.6222,-40.6012,1158.78
306,67.5041,-40.1062,1159.56
307,67.1402,-39.8289,1160.33
308,67.0491,-39.3412,1161.03
309,66.9874,-38.999,1161.64
310,66.8025,-38.6767,1162.2
311,66.6771,-38.4237,1162.79
312,66.5871,-38.166,1163.2
313,66.5083,-37.8153,1163.7
314,66.3701,-37.3429,1164.32
315,66.1753,-36.8616,1165.01
316,65.9884,-36.3901,1165.7
317,65.914,-36.1759,1166.1
318,66.0396,-35.9344,1166.5
319,65.921,-35.5975,1167.17
320,65.8826,-35.234,1167.6
321,65.71,-34.8382,1168.28
322,65.6731,-34.434,1168.85
323,65.6705,-34.1596,1169.28
324,65.5752,-33.9238,1169.83
325,65.4929,-33.6492,1170.3
326,65.3801,-33.2181,1170.88
327,65.4579,-32.8996,1171.24
328,65.4652,-32.7134,1171.55
329,65.4737,-32.4041,1172.02
330,65.3653,-32.0745,1172.49
331,65.1926,-31.6545,1172.89
332,65.2654,-31.294,1173.28
333,65.3298,-30.9917,1173.74
334,65.3069,-30.4806,1174.23
335,65.4039,-30.07,1174.56
336,65.3791,-29.717,1174.93
337,65.4274,-29.4367,1175.22
338,65.3707,-29.1255,1175.58
339,65.3869,-28.8785,1175.94
340,65.4044,-28.5865,1176.17
341,65.4779,-28.3116,1176.47
342,65.4933,-27.9303,1176.75
343,65.531,-27.6403,1177.05
344,65.3966,-27.4177,1177.37
345,65.413,-27.0135,1177.73
346,65.4111,-26.7758,1177.97
347,65.421,-26.4448,1178.26
348,65.4079,-26.0527,1178.57
349,65.4208,-25.7468,1178.89
350,65.4438,-25.4449,1179.12
351,65.5567,-25.0553,1179.4
352,66.1149,-25.6461,1178.61
353,66.1858,-25.4317,1178.86
354,66.2147,-25.0691,1179.08
355,66.2372,-24.8107,1179.34
356,66.2554,-24.5559,1179.49
357,66.23,-24.2705,1179.78
358,66.2621,-23.9661,1179.99
359,66.2985,-23.6666,1180.18
360,66.2868,-23.4885,1180.35
361,66.2946,-23.2059,1180.55
362,66.2857,-22.9212,1180.77
363,66.2815,-22.655,1181.01
364,66.3164,-22.5434,1181.06
365,66.2901,-22.1824,1181.35
366,66.399,-21.9863,1181.4
367,66.4277,-21.7246,1181.54
368,66.4889,-21.4618,1181.63
369,66.514,-21.3022,1181.71
370,66.5009,-21.0309,1181.78
371,66.5175,-20.7919,1181.92
372,66.5275,-20.5614,1182.01
373,66.4939,-20.3164,1182.09
374,66.5015,-20.129,1182.12
375,66.4981,-19.9046,1182.2
376,66.458,-19.6092,1182.28
377,66.4279,-19.4163,1182.32
378,66.3724,-19.0699,1182.35
379,66.3066,-18.907,1182.46
380,66.2519,-18.6761,1182.46
381,66.2216,-18.4687,1182.52
382,66.2065,-18.3187,1182.58
383,66.2098,-18.041,1182.64
384,66.2148,-17.7632,1182.58
385,66.2387,-17.5264,1182.66
386,66.3017,-17.3254,1182.62
387,66.3319,-17.1823,1182.51
388,66.3273,-16.941,1182.52
389,66.2432,-16.6707,1182.46
390,66.2365,-16.4957,1182.47
391,66.2253,-16.173,1182.33
392,66.0252,-16.0322,1182.3
393,65.9158,-15.9053,1182.21
394,65.8319,-15.7899,1182.19
395,65.7139,-15.649,1182.1
396,65.6575,-15.5252,1181.99
397,65.6001,-15.4183,1181.92
398,65.5239,-15.3686,1181.79
399,65.4057,-15.2648,1181.77
400,65.3253,-15.1969,1181.64
401,65.2893,-15.0962,1181.5
402,65.1346,-14.8465,1181.4
403,65.0567,-14.5811,1181.29
404,65.027,-14.3415,1181.15
405,64.9914,-14.1931,1180.98
406,65.0111,-13.9371,1180.89
407,64.9922,-13.6773,1180.75
408,64.9173,-13.4264,1180.66
409,64.4755,-12.4608,1181.45
410,64.4282,-12.5793,1181.27
411,64.3758,-12.4687,1181.13
412,64.3899,-12.5465,1180.92
413,64.3063,-12.4007,1180.76
414,64.1212,-12.2558,1180.65
415,64.023,-12.104,1180.45
416,63.8648,-11.8801,1180.29
417,63.7378,-11.7597,1180.1
418,63.6256,-11.6176,1179.91
419,63.468,-11.4176,1179.73
420,63.3334,-11.3012,1179.56
421,63.1988,-11.2374,1179.26
422,63.0627,-11.0886,1179.03
423,62.9594,-11.0357,1178.86
424,62.8681,-10.9293,1178.73
425,62.8928,-10.9621,1178.44
426,62.9952,-10.9494,1177.98
427,62.9204,-10.7959,1177.81
428,62.7419,-10.6803,1177.66
429,62.6612,-10.6214,1177.51
430,62.5216,-10.5885,1177.33
431,62.2846,-10.4709,1177.25
432,62.1047,-10.4603,1177.03
433,61.95,-10.351,1176.85
434,61.813,-10.2725,1176.67
435,61.6482,-10.1265,1176.61
436,61.4786,-10.0494,1176.42
437,61.3981,-9.93234,1176.3
438,61.2738,-9.88499,1176.1
439,61.1315,-9.86312,1175.99
440,61.0529,-9.88323,1175.77
441,60.9672,-9.84848,1175.66
442,60.9008,-9.83051,1175.42
443,60.7825,-9.75805,1175.31
444,60.6884,-9.76259,1175.1
445,60.5542,-9.77098,1174.91
446,60.3928,-9.88399,1174.62
447,60.2245,-9.95223,1174.43
448,60.0369,-9.96267,1174.29
449,59.8848,-9.93448,1174.19
450,59.6927,-10.0283,1173.99
451,59.5032,-10.0576,1173.86
452,59.3439,-10.0509,1173.7
453,59.227,-10.1011,1173.52
454,59.107,-10.0748,1173.39
455,58.9428,-10.0858,1173.23
456,58.8798,-10.0813,1173.1
457,58.7865,-10.1474,1172.95
458,58.6936,-10.1989,1172.75
459,58.6163,-10.2392,1172.51
460,58.58,-10.3351,1172.26
461,58.477,-10.4168,1172.11
462,58.2177,-10.3761,1172.13
463,58.1195,-10.3998,1171.99
464,58.2088,-10.7122,1171.58
465,58.1403,-10.893,1171.23
466,58.0101,-11.0847,1171.02
467,57.9511,-11.2224,1170.85
468,57.6247,-11.1343,1170.87
469,57.4882,-11.3117,1170.66
470,57.3333,-11.417,1170.37
471,57.1681,-11.4963,1170.22
472,57.0281,-11.6255,1169.97
473,56.8266,-11.7597,1169.77
474,56.8134,-11.9604,1169.51
475,56.6264,-11.9529,1169.44
476,56.5215,-12.0775,1169.25
477,56.4441,-12.2122,1169.13
478,56.4383,-12.4912,1168.77
479,56.3159,-12.7266,1168.59
480,56.327,-12.9479,1168.33
481,56.1362,-13.1256,1168.12
482,55.9425,-13.1745,1168
483,55.8274,-13.3892,1167.76
484,55.6806,-13.4438,1167.49
485,55.6088,-13.5519,1167.2
486,55.4978,-13.7069,1166.86
487,55.3592,-13.7895,1166.66
488,55.273,-13.876,1166.36
489,55.2112,-14.0685,1166.07
490,55.0935,-14.1218,1165.84
491,55.0627,-14.3655,1165.53
492,54.9859,-14.6084,1165.24
493,54.906,-14.8898,1164.96
494,54.8098,-15.1778,1164.83
495,54.7294,-15.3688,1164.49
496,54.7483,-15.7187,1164.12
497,54.7668,-16.0429,1163.74
498,54.7281,-16.3101,1163.43
499,54.6471,-16.5635,1163.1
500,54.6339,-16.7897,1162.86
501,54.4672,-16.8698,1162.72
502,54.4305,-17.1152,1162.35
503,54.3466,-17.2495,1162.06
504,54.2409,-17.1888,1161.87
505,54.1962,-17.2774,1161.63
506,54.0663,-17.3602,1161.34
507,54.025,-17.6709,1160.87
508,53.9941,-17.875,1160.44
509,53.8801,-17.9754,1160.18
510,53.7307,-18.1293,1159.97
511,53.7166,-18.3643,1159.67
512,53.6769,-18.6746,1159.41
513,53.6503,-19.0055,1159.02
514,53.5422,-19.2309,1158.8
515,53.4093,-19.473,1158.62
516,53.3589,-19.837,1158.29
517,53.3392,-20.1389,1158.03
518,53.3425,-20.4029,1157.64
519,53.4194,-20.7324,1157.17
520,53.3389,-21.0048,1156.86
521,53.2908,-21.1183,1156.54
522,53.1919,-21.4004,1156.24
523,53.0788,-21.5703,1155.95
524,52.9878,-21.8314,1155.61
525,52.8389,-21.9856,1155.28
526,52.7932,-22.1835,1154.91
527,52.7117,-22.4029,1154.5
528,52.6695,-22.5202,1154.16
529,52.5399,-22.8014,1153.77
530,52.399,-23.1013,1153.47
531,52.3344,-23.4638,1153.04
532,52.2409,-23.7292,1152.72
533,52.2214,-24.0203,1152.41
534,52.1786,-24.2932,1152.01
535,52.2085,-24.4436,1151.7
536,52.1025,-24.6379,1151.42
537,52.1293,-25.018,1150.99
538,52.0846,-25.3452,1150.62
539,51.8866,-25.553,1150.34
540,51.831,-25.9551,1149.95
541,51.695,-26.1813,1149.71
542,51.4761,-26.3996,1149.52
543,51.4106,-26.6306,1149.19
544,51.3076,-26.931,1148.86
545,51.1411,-27.1215,1148.57
546,50.9532,-27.308,1148.25
547,50.8703,-27.6645,1147.88
548,50.7758,-27.9043,1147.58
549,50.7542,-28.3208,1147.13
550,50.7124,-28.5757,1146.84
551,50.5609,-28.6543,1146.63
552,50.4423,-28.8353,1146.32
553,50.5249,-29.1135,1145.75
554,50.313,-29.3241,1145.53
555,50.0516,-29.5428,1145.36
556,49.9481,-29.8179,1145.02
557,49.7638,-30.0541,1144.66
558,49.6509,-30.1767,1144.34
559,49.4904,-30.3029,1144.07
560,49.3475,-30.6266,1143.68
561,49.194,-30.9193,1143.45
562,49.0177,-31.1987,1143.23
563,48.872,-31.5889,1142.86
564,48.5887,-31.8457,1142.62
565,48.18,-31.922,1142.41
566,47.6225,-31.5798,1142.3
567,46.5001,-30.9626,1142.4
568,45.2287,-30.3932,1142.37
569,43.59,-29.2821,1142.65
570,42.0076,-28.4661,1142.66
571,39.9936,-27.1329,1142.89
572,37.9416,-25.8181,1143.11
573,35.7857,-24.5919,1143.61
574,33.789,-23.7404,1143.88
575,31.7342,-22.6477,1144.54
576,30.0457,-21.8017,1145.01
577,28.7513,-21.9681,1144.76
578,26.9947,-21.26,1145.67
579,25.3716,-20.6512,1146.57
580,23.8572,-19.9709,1147.57
581,22.3861,-19.373,1148.5
582,20.8177,-18.4143,1149.68
583,19.2519,-17.5376,1150.67
584,17.5614,-16.4535,1151.77
585,15.7655,-15.2712,1152.93
586,13.8852,-13.927,1153.84
587,11.7292,-12.5542,1154.83
588,9.37629,-10.8607,1155.85
589,6.9262,-9.19825,1156.76
590,4.32193,-7.30292,1157.6
591,1.55292,-5.63484,1158.34
592,-1.44241,-3.78352,1159.05
593,-4.44585,-2.04422,1159.82
594,-7.59586,-0.0461835,1160.55
595,-10.7402,1.84881,1161.12
596,-14.1712,4.01454,1161.68
597,-17.6143,6.01886,1162.25
598,-21.1482,8.13213,1162.72
599,-24.7681,10.1754,1163.1
600,-28.4597,12.5086,1163.37
601,-32.1203,14.9622,1163.77
602,-36.0657,17.522,1163.92
603,-39.9145,19.8897,1164.11
604,-43.9043,22.4077,1164.09
605,-48.156,25.174,1164.24
606,-52.3454,28.0608,1164.38
607,-56.5825,30.6193,1164.24
608,-60.9904,33.6136,1164.21
609,-65.5885,36.5148,1164.18
610,-70.1895,39.4816,1164.01
611,-74.804,42.2023,1163.66
612,-79.6063,45.2335,1163.52
613,-84.3416,48.2352,1163.37
614,-89.2129,51.2559,1163.17
615,-94.0325,54.3056,1162.82
616,-99.0447,57.6528,1162.64
617,-104.016,60.8167,1162.18
618,-109.117,64.0911,1161.86
619,-114.171,67.2764,1161.49
620,-119.429,70.6245,1161.17
621,-124.642,74.1634,1160.75
622,-129.841,77.3242,1160.37
623,-135.11,80.8088,1159.95
624,-140.562,84.2028,1159.59
625,-146.024,87.8189,1159.16
626,-151.54,91.3312,1158.77
627,-157.018,94.9298,1158.28
628,-162.673,98.4076,1157.84
629,-168.33,101.918,1157.24
630,-174.03,105.448,1156.91
631,-179.826,109.085,1156.36
632,-185.673,112.77,1155.97
633,-191.48,116.443,1155.49
634,-197.46,120.098,1155.13
635,-203.324,123.82,1154.67
636,-209.259,127.468,1154.26
637,-215.207,131.126,1153.84
638,-221.149,134.793,1153.36
639,-227.111,138.497,1152.98
640,-233.141,142.253,1152.6
641,-239.125,146.191,1152.29
642,-245.179,149.84,1151.75
643,-251.115,153.653,1151.32
644,-257.139,157.139,1150.7
645,-263.239,160.99,1150.5
646,-269.294,164.825,1150.17
647,-275.441,168.469,1149.66
648,-281.517,172.243,1149.38
649,-287.764,175.914,1148.91
650,-294.052,179.676,1148.54
651,-300.263,183.504,1148.14
652,-306.53,187.315,1147.85
653,-312.708,191.243,1147.49
654,-319.016,195.207,1147.32
655,-325.284,198.96,1146.93
656,-331.586,203.045,1146.64
657,-337.888,206.64,1146.36
658,-344.142,210.481,1146
659,-350.435,214.219,1145.7
660,-356.641,218.04,1145.4
661,-362.899,221.766,1145.15
662,-369.157,225.557,1144.87
663,-375.376,229.203,1144.59
664,-381.512,232.982,1144.35
665,-387.873,236.662,1144.11
666,-393.977,240.281,1143.74
667,-400.277,244.091,1143.42
668,-406.504,247.61,1143.09
669,-412.811,251.591,1142.85
670,-419.166,255.282,1142.62
671,-425.273,259.064,1142.32
672,-431.537,262.629,1142.07
673,-437.905,266.609,1141.87
674,-444.213,270.282,1141.54
675,-450.518,273.906,1141.2
676,-456.754,277.551,1140.93
677,-463.016,281.074,1140.58
678,-469.315,284.693,1140.33
679,-475.502,288.257,1139.97
680,-481.659,291.932,1139.9
681,-487.734,295.548,1139.44
682,-493.8,299.205,1139.3
683,-499.759,302.779,1138.97
684,-505.722,306.352,1138.58
685,-511.819,309.996,1138.43
686,-517.753,313.353,1137.98
687,-523.734,316.836,1137.77
688,-529.747,320.238,1137.44
689,-535.786,323.817,1137.19
690,-541.556,327.052,1136.6
691,-547.493,330.548,1136.38
692,-553.47,334.063,1136.1
693,-559.462,337.411,1135.84
694,-565.815,341.742,1136.34
695,-571.665,345.195,1136.19
696,-577.542,348.58,1135.91
697,-583.379,351.809,1135.51
698,-589.11,355.268,1135.33
699,-594.823,358.501,1135.11
700,-600.546,361.638,1134.72
701,-606.192,364.952,1134.38
702,-611.737,368.295,1134.22
703,-617.206,371.298,1133.66
704,-622.69,374.784,1133.61
705,-628.197,377.904,1133.33
706,-633.586,381.157,1133.04
707,-638.755,383.983,1132.52
708,-643.987,387.124,1132.21
709,-649.344,390.198,1131.81
710,-654.744,393.42,1131.55
711,-660.071,396.616,1131.29
712,-665.484,399.617,1130.97
713,-670.734,402.717,1130.61
714,-676.026,405.774,1130.38
715,-681.26,408.608,1130.03
716,-686.372,411.625,1129.75
717,-691.439,414.504,1129.49
718,-696.606,417.477,1129.24
719,-701.503,420.433,1128.87
720,-706.486,423.325,1128.57
721,-711.28,426.183,1128.23
722,-716.087,429.135,1127.92
723,-720.75,431.953,1127.5
724,-725.523,434.914,1127.2
725,-730.256,437.899,1126.91
726,-734.796,440.802,1126.64
727,-739.448,443.584,1126.29
728,-744.114,446.307,1125.97
729,-748.565,449.004,1125.51
730,-753.108,451.758,1125.22
731,-757.626,454.485,1124.84
732,-762.16,457.186,1124.55
733,-766.631,459.859,1124.29
734,-771.031,462.413,1123.91
735,-775.312,464.867,1123.65
736,-779.641,467.495,1123.31
737,-783.822,470.006,1123
738,-788.062,472.574,1122.64
739,-792.13,475.072,1122.34
740,-796.2,477.562,1121.91
741,-800.056,480.146,1121.63
742,-803.956,482.595,1121.28
743,-807.795,485.105,1120.88
744,-811.63,487.538,1120.53
745,-815.421,489.842,1120.09
746,-819.063,492.383,1119.79
747,-822.701,494.812,1119.33
748,-826.317,496.937,1118.61
749,-830.091,499.778,1118.66
750,-833.695,502.148,1118.32
751,-837.242,504.351,1117.81
752,-840.869,506.675,1117.39
753,-844.347,509.111,1117.17
754,-847.749,511.073,1116.48
755,-851.242,513.591,1116.44
756,-854.618,515.7,1116.02
757,-858.105,517.918,1115.77
758,-861.371,519.967,1115.43
759,-864.536,522.103,1115
760,-867.691,524.319,1114.74
761,-870.771,526.322,1114.33
762,-873.758,528.48,1113.96
763,-876.808,530.737,1113.58
764,-879.801,532.857,1113.23
765,-882.758,534.965,1112.89
766,-885.733,537.107,1112.51
767,-888.605,539.116,1112.19
768,-891.383,541.091,1111.78
769,-894.259,543.138,1111.38
770,-897.03,545.213,1111.1
771,-899.715,547.035,1110.63
772,-902.565,549.077,1110.42
773,-905.243,550.945,1110.05
774,-907.924,552.651,1109.58
775,-910.493,554.518,1109.27
776,-913.141,556.474,1109.04
777,-915.682,558.353,1108.69
778,-918.179,560.172,1108.4
779,-920.624,561.94,1108.15
780,-923,563.71,1107.82
781,-925.393,565.219,1107.31
782,-927.719,567.04,1107.01
783,-930.038,568.806,1106.81
784,-932.354,570.752,1106.7
785,-934.624,572.542,1106.44
786,-936.811,574.23,1106.2
787,-939.042,576.094,1105.96
788,-941.164,577.781,1105.69
789,-943.223,579.489,1105.3
790,-945.333,581.246,1105.07
791,-947.476,582.895,1104.78
792,-949.441,584.649,1104.59
793,-951.45,586.206,1104.36
794,-953.436,587.531,1103.98
795,-955.387,588.965,1103.78
796,-957.268,590.391,1103.58
797,-959.193,591.934,1103.48
798,-961.018,593.404,1103.3
799,-962.918,594.927,1103.23
800,-964.594,596.128,1102.85
801,-966.405,597.525,1102.67
802,-968.039,599.042,1102.59
803,-969.731,600.518,1102.36
804,-971.369,601.954,1102.19
805,-972.993,603.341,1102
806,-974.545,604.632,1101.79
807,-976.066,606.052,1101.65
808,-977.613,607.608,1101.59
809,-979.094,608.979,1101.5
810,-980.541,610.273,1101.34
811,-981.985,611.468,1101.13
812,-983.474,612.796,1101.1
813,-984.832,613.87,1100.9
814,-986.184,615.127,1100.82
815,-987.519,616.214,1100.59
816,-988.922,617.292,1100.43
817,-990.224,618.469,1100.37
818,-991.454,619.547,1100.25
819,-992.696,620.718,1100.17
820,-993.908,621.679,1099.95
821,-995.214,623.001,1099.96
822,-996.328,624.179,1099.97
823,-997.609,625.343,1100
824,-998.597,626.479,1099.93
825,-999.641,627.559,1099.8
826,-1000.57,628.567,1099.65
827,-1001.56,629.46,1099.38
828,-1002.57,630.522,1099.34
829,-1003.58,631.423,1099.25
830,-1004.53,632.419,1099.14
831,-1005.41,633.436,1099.17
832,-1006.3,634.432,1099.15
833,-1007.22,635.437,1099.08
834,-1008.02,636.39,1099.08
835,-1008.86,637.379,1099.01
836,-1009.83,638.385,1098.9
837,-1010.59,639.153,1098.83
838,-1011.35,639.979,1098.78
839,-1012.07,640.764,1098.64
840,-1012.82,641.657,1098.52
841,-1013.59,642.521,1098.46
842,-1014.22,643.226,1098.38
843,-1014.9,643.968,1098.32
844,-1015.48,644.632,1098.09
845,-1016.08,645.395,1098.03
846,-1016.61,646.326,1097.98
847,-1017.18,647.236,1097.99
848,-1017.72,647.9,1097.86
849,-1018.3,648.67,1097.79
850,-1018.89,649.53,1097.76
851,-1019.35,650.283,1097.63
852,-1019.94,651.067,1097.53
853,-1020.51,651.579,1097.29
854,-1020.9,652.19,1097.19
855,-1021.32,652.811,1097.05
856,-1021.75,653.411,1096.86
857,-1022.06,654.141,1096.78
858,-1022.46,654.707,1096.66
859,-1022.86,655.081,1096.36
860,-1023.2,655.63,1096.27
861,-1023.55,656.149,1096.14
862,-1023.73,656.666,1096.06
863,-1024.02,657.121,1095.9
864,-1024.28,657.606,1095.69
865,-1024.53,658.119,1095.63
866,-1024.77,658.587,1095.53
867,-1025.02,659.246,1095.75
868,-1025.3,659.753,1095.78
869,-1025.53,660.088,1095.63
870,-1025.73,660.563,1095.46
871,-1025.92,661.031,1095.37
872,-1026.02,661.546,1095.26
873,-1026.12,662.018,1095.17
874,-1026.24,662.415,1095.05
875,-1026.33,662.85,1094.93
876,-1026.44,663.262,1094.81
877,-1026.56,663.7,1094.71
878,-1026.71,663.781,1094.38
879,-1026.84,664.071,1094.24
880,-1026.95,664.474,1094.23
881,-1026.97,664.61,1094.04
882,-1027.03,665.013,1093.96
883,-1027.01,665.448,1093.98
884,-1027.11,665.625,1093.85
885,-1027.18,665.889,1093.8
886,-1027.19,666.084,1093.71
887,-1027.2,666.157,1093.55
888,-1027.09,666.384,1093.41
889,-1027.11,666.502,1093.21
890,-1027.1,666.68,1093.1
891,-1027.07,666.934,1093.09
892,-1027.01,667.147,1093.07
893,-1026.93,667.393,1093.14
894,-1026.9,667.471,1093.1
895,-1026.79,667.507,1092.95
896,-1026.69,667.58,1092.91
897,-1026.63,667.605,1092.87
898,-1026.48,667.686,1092.87
899,-1026.35,667.78,1092.89
900,-1026.23,667.819,1092.88
901,-1026.12,667.844,1092.87
902,-1026.01,667.861,1092.88
903,-1025.89,667.876,1092.85
904,-1025.74,667.931,1092.87
905,-1025.62,668.046,1093.02
906,-1025.41,667.964,1092.89
907,-1025.23,667.954,1092.89
908,-1025.08,668.056,1092.94
909,-1024.81,667.999,1092.89
910,-1024.6,667.985,1092.87
911,-1024.38,668.029,1092.92
912,-1024.19,668.035,1093.01
913,-1024.1,668.208,1093.29
914,-1023.94,667.972,1093.2
915,-1023.62,667.939,1093.2
916,-1023.47,667.688,1093.14
917,-1023.22,667.489,1093
918,-1023.09,667.244,1092.95
919,-1022.89,667.118,1092.94
920,-1022.54,666.649,1092.59
921,-1022.31,666.541,1092.52
922,-1022.08,666.515,1092.54
923,-1021.85,666.45,1092.58
924,-1021.54,666.415,1092.57
925,-1021.48,666.729,1093.08
926,-1021.21,666.538,1093.1
927,-1020.9,666.309,1093.12
928,-1020.68,666.128,1093.08
929,-1020.34,665.841,1093.04
930,-1020,665.603,1092.95
931,-1019.6,665.322,1092.88
932,-1019.23,665.006,1092.79
933,-1018.85,664.791,1092.75
934,-1018.59,664.5,1092.6
935,-1018.28,664.126,1092.33
936,-1018.05,663.921,1092.26
937,-1017.65,663.512,1091.98
938,-1017.43,663.296,1091.89
939,-1017.13,663.042,1091.84
940,-1017.06,663.112,1092.07
941,-1016.75,662.861,1091.92
942,-1016.46,662.545,1091.8
943,-1016.17,662.243,1091.64
944,-1015.86,661.793,1091.48
945,-1015.64,661.319,1091.24
946,-1015.37,660.93,1091.14
947,-1015.07,660.49,1090.91
948,-1014.76,660.089,1090.77
949,-1014.39,659.822,1090.71
950,-1014.04,659.521,1090.59
951,-1013.68,659.175,1090.46
952,-1013.31,658.824,1090.33
953,-1012.98,658.491,1090.17
954,-1012.62,658.169,1090
955,-1012.4,657.911,1089.8
956,-1012.1,657.688,1089.73
957,-1011.79,657.362,1089.63
958,-1011.5,656.9,1089.53
959,-1011.03,656.295,1089.2
960,-1010.7,655.948,1089.18
961,-1010.47,655.892,1089.4
962,-1010.22,655.305,1089.18
963,-1009.82,654.716,1088.89
964,-1009.49,654.301,1088.77
965,-1009.19,653.66,1088.53
966,-1008.81,653.156,1088.35
967,-1008.67,652.976,1088.61
968,-1008.34,652.657,1088.57
969,-1008.01,652.221,1088.41
970,-1007.7,651.456,1088.01
971,-1007.27,651.114,1087.92
972,-1007.08,650.698,1087.78
973,-1006.7,650.474,1087.77
974,-1006.36,650.069,1087.69
975,-1006.06,649.561,1087.52
976,-1005.82,648.986,1087.39
977,-1005.53,648.484,1087.24
978,-1005.21,647.974,1087.11
979,-1004.95,647.633,1087.06
980,-1004.64,647.083,1086.83
981,-1004.28,646.714,1086.76
982,-1004.05,646.178,1086.6
983,-1003.75,645.862,1086.62
984,-1003.5,645.43,1086.58
985,-1003.21,644.787,1086.39
986,-1003.03,644.174,1086.17
987,-1002.78,643.836,1086.11
988,-1002.55,643.326,1086
989,-1002.37,643.02,1086.11
990,-1002.18,642.436,1085.91
991,-1001.89,641.764,1085.66
992,-1001.69,641.37,1085.63
993,-1001.43,640.823,1085.53
994,-1001.13,640.223,1085.38
995,-1000.86,639.665,1085.27
996,-1000.57,639.168,1085.13
997,-1000.28,638.716,1085.02
998,-1000.03,638.222,1084.94
999,-999.837,637.877,1085.02
1000,-999.61,637.353,1084.91
1001,-999.509,636.644,1084.63
1002,-999.295,636.112,1084.57
1003,-999.065,635.492,1084.39
1004,-998.785,635.106,1084.31
1005,-998.59,634.646,1084.22
1006,-998.338,634.011,1083.89
1007,-998.148,633.576,1083.77
1008,-997.926,633.076,1083.67
1009,-997.959,632.974,1083.99
1010,-997.673,632.312,1083.76
1011,-997.445,631.663,1083.43
1012,-997.199,631.059,1083.17
1013,-997.093,630.642,1083.09
1014,-996.919,630.248,1083.05
1015,-996.732,629.587,1082.8
1016,-996.573,629.066,1082.57
1017,-996.405,628.564,1082.33
1018,-996.201,627.959,1081.97
1019,-996.039,627.441,1081.73
1020,-995.996,627.285,1081.82
1021,-995.926,626.931,1081.74
1022,-995.67,626.327,1081.41
1023,-995.541,625.838,1081.14
1024,-995.406,625.381,1080.86
1025,-995.265,624.843,1080.54
1026,-995.118,624.135,1080.16
1027,-994.857,623.482,1079.82
1028,-994.699,623.316,1079.87
1029,-994.513,622.847,1079.6
1030,-994.288,622.255,1079.23
1031,-994.167,621.69,1078.91
1032,-994.016,621.018,1078.51
1033,-993.935,620.436,1078.29
1034,-993.726,619.907,1078
1035,-993.549,619.345,1077.61
1036,-993.397,618.882,1077.33
1037,-993.334,618.532,1077.06
1038,-993.268,618.308,1076.97
1039,-993.141,617.862,1076.66
1040,-992.962,617.438,1076.38
1041,-992.864,616.97,1076.08
1042,-992.766,616.517,1075.69
1043,-992.65,616.179,1075.43
1044,-992.553,615.717,1075.05
1045,-992.512,615.425,1074.84
1046,-992.394,615.038,1074.57
1047,-992.259,614.585,1074.26
1048,-992.156,614.17,1073.95
1049,-992.024,613.768,1073.63
1050,-991.894,613.3,1073.29
1051,-991.673,612.614,1072.81
1052,-991.621,612.221,1072.61
1053,-991.477,611.576,1072.16
1054,-991.339,611.135,1071.87
1055,-991.309,610.778,1071.61
1056,-991.22,610.509,1071.46
1057,-991.14,610.181,1071.22
1058,-991.055,609.8,1070.96
1059,-991.008,609.423,1070.67
1060,-990.96,609.05,1070.42
1061,-990.776,608.43,1069.98
1062,-990.781,608.195,1069.77
1063,-990.795,607.92,1069.54
1064,-990.708,607.98,1069.54
1065,-990.626,608.121,1069.41
1066,-990.576,608.791,1069.41
1067,-990.492,609.76,1069.42
1068,-990.375,610.997,1069.26
1069,-990.475,613.287,1069.84
1070,-990.338,615.075,1069.88
1071,-990.357,617.181,1070.05
1072,-990.364,619.3,1070.43
1073,-990.275,621.212,1070.75
1074,-990.175,622.848,1071.17
1075,-990.155,624.534,1071.85
1076,-990.116,626.112,1072.7
1077,-990.05,627.35,1073.6
1078,-990.075,628.29,1074.46
1079,-989.951,629.446,1075.59
1080,-989.904,630.435,1076.65
1081,-989.933,631.61,1077.92
1082,-989.878,632.838,1079
1083,-989.913,634.027,1080.04
1084,-989.771,635.486,1081
1085,-989.657,637.242,1082.06
1086,-989.463,639.108,1082.94
1087,-989.539,641.733,1084.16
1088,-989.519,644.022,1084.96
1089,-989.505,646.682,1085.82
1090,-989.531,649.608,1086.6
1091,-989.495,652.579,1087.41
1092,-989.544,655.659,1088.07
1093,-989.483,658.685,1088.61
1094,-989.547,661.861,1089.31
1095,-989.572,664.899,1089.84
1096,-989.682,668.176,1090.35
1097,-989.734,671.512,1090.82
1098,-989.77,674.986,1091.26
1099,-989.911,678.545,1091.71
1100,-989.965,682.105,1092.03
1101,-990.07,685.817,1092.19
1102,-990.129,689.94,1092.63
1103,-990.071,693.767,1092.54
1104,-990.099,698.022,1092.66
1105,-989.996,702.179,1092.63
1106,-990.028,706.622,1092.64
1107,-990.042,711.1,1092.6
1108,-990.014,715.681,1092.45
1109,-990.057,720.507,1092.31
1110,-990.099,725.119,1092.07
1111,-990.173,729.904,1091.84
1112,-990.159,734.75,1091.56
1113,-990.261,739.627,1091.32
1114,-990.346,744.573,1091.06
1115,-990.435,749.396,1090.64
1116,-990.462,754.526,1090.27
1117,-990.565,759.468,1089.81
1118,-990.607,764.652,1089.53
1119,-990.683,769.769,1089.09
1120,-990.733,774.724,1088.45
1121,-990.977,780.052,1088.01
1122,-991.079,785.426,1087.53
1123,-991.31,791.032,1087.09
1124,-991.437,796.574,1086.6
1125,-991.571,802.185,1086.13
1126,-991.711,807.899,1085.62
1127,-991.773,813.593,1085
1128,-991.979,819.353,1084.56
1129,-991.953,825.348,1084.11
1130,-992.009,831.189,1083.61
1131,-992.105,837.089,1083.06
1132,-992.174,842.951,1082.54
1133,-992.326,848.823,1082.05
1134,-992.447,854.791,1081.65
1135,-992.669,860.661,1081.19
1136,-992.742,866.549,1080.6
1137,-992.909,872.74,1080.21
1138,-993.142,878.695,1079.87
1139,-993.31,884.564,1079.31
1140,-993.497,890.738,1078.99
1141,-993.609,896.807,1078.55
1142,-993.705,902.867,1078.01
1143,-993.832,909.057,1077.56
1144,-994.028,915.215,1077.18
1145,-994.161,921.5,1076.69
1146,-994.241,927.871,1076.22
1147,-994.427,934.043,1075.71
1148,-994.465,940.403,1075.23
1149,-994.679,946.593,1074.81
1150,-994.882,952.971,1074.38
1151,-994.998,959.319,1073.96
1152,-995.184,965.642,1073.56
1153,-995.36,971.992,1073.14
1154,-995.553,978.301,1072.75
1155,-995.739,984.678,1072.42
1156,-995.948,990.913,1072.02
1157,-996.057,997.137,1071.62
1158,-996.251,1003.46,1071.29
1159,-996.396,1009.75,1070.93
1160,-996.583,1016.12,1070.65
1161,-996.717,1022.38,1070.21
1162,-996.852,1028.79,1069.96
1163,-997.055,1035.19,1069.7
1164,-997.18,1041.55,1069.45
1165,-997.294,1047.91,1069.09
1166,-997.474,1054.19,1068.79
1167,-997.602,1060.57,1068.51
1168,-997.706,1066.84,1068.23
1169,-997.739,1073.17,1067.92
1170,-997.893,1079.51,1067.79
1171,-997.96,1085.62,1067.46
1172,-998.048,1091.9,1067.23
1173,-998.12,1098.06,1067.05
1174,-998.263,1104.24,1066.77
1175,-998.347,1110.46,1066.56
1176,-998.484,1116.65,1066.34
1177,-998.651,1122.79,1066.1
1178,-998.822,1129.05,1066.01
1179,-998.95,1135.12,1065.75
1180,-999.066,1141.32,1065.59
1181,-999.204,1147.5,1065.43
1182,-999.268,1153.47,1065.14
1183,-999.361,1159.52,1064.89
1184,-999.397,1165.63,1064.66
1185,-999.448,1171.63,1064.39
1186,-999.499,1177.69,1064.19
1187,-999.499,1183.59,1063.97
1188,-999.522,1189.51,1063.78
1189,-999.706,1195.65,1063.83
1190,-999.725,1201.51,1063.58
1191,-999.705,1207.17,1063.18
1192,-999.787,1213.03,1062.97
1193,-999.829,1218.77,1062.75
1194,-999.828,1224.42,1062.47
1195,-999.882,1230.12,1062.35
1196,-999.941,1235.74,1062.15
1197,-999.925,1241.29,1061.88
1198,-999.941,1247.08,1061.75
1199,-999.944,1252.67,1061.5
1200,-999.969,1258.22,1061.24
1201,-1000.01,1263.83,1061.15
1202,-1000.02,1269.36,1060.93
1203,-999.989,1274.83,1060.71
1204,-999.95,1280.22,1060.51
1205,-999.885,1285.6,1060.3
1206,-999.835,1290.92,1060.14
1207,-999.782,1296.15,1059.93
1208,-999.759,1301.55,1059.87
1209,-999.678,1306.74,1059.62
1210,-999.58,1311.89,1059.51
1211,-999.517,1317,1059.37
1212,-999.487,1322.17,1059.28
1213,-999.367,1327.21,1059.09
1214,-999.298,1332.29,1059.03
1215,-999.102,1337.09,1058.77
1216,-999.044,1342.04,1058.68
1217,-998.947,1346.99,1058.66
1218,-998.802,1351.81,1058.49
1219,-998.78,1356.82,1058.56
1220,-998.682,1361.67,1058.48
1221,-998.559,1366.53,1058.47
1222,-998.319,1371.19,1058.17
1223,-998.227,1375.85,1058.16
1224,-998.039,1380.37,1058
1225,-997.958,1384.98,1058.11
1226,-997.829,1389.43,1057.94
1227,-997.739,1393.89,1058.01
1228,-997.483,1398.21,1057.75
1229,-997.484,1402.68,1057.93
1230,-997.286,1406.93,1057.84
1231,-997.242,1411.42,1058.05
1232,-997.027,1415.63,1057.97
1233,-996.876,1419.91,1058.06
1234,-996.632,1424.05,1057.89
1235,-996.408,1428.13,1057.82
1236,-996.232,1432.37,1057.86
1237,-996.02,1436.47,1057.85
1238,-995.842,1440.5,1057.75
1239,-995.751,1444.49,1057.84
1240,-995.556,1448.5,1057.83
1241,-995.361,1452.4,1057.89
1242,-995.147,1456.16,1057.81
1243,-994.961,1459.91,1057.85
1244,-994.756,1463.53,1057.82
1245,-994.554,1467.19,1057.81
1246,-994.262,1470.83,1057.7
1247,-994.06,1474.45,1057.79
1248,-993.738,1477.92,1057.71
1249,-993.516,1481.26,1057.74
1250,-993.295,1484.79,1057.79
1251,-993.007,1488.23,1057.79
1252,-992.727,1491.58,1057.71
1253,-992.443,1495.03,1057.7
1254,-992.204,1498.46,1057.77
1255,-991.842,1501.77,1057.61
1256,-991.643,1505.11,1057.6
1257,-991.441,1508.53,1057.68
1258,-991.19,1511.66,1057.57
1259,-990.987,1514.94,1057.67
1260,-990.741,1517.98,1057.58
1261,-990.445,1520.95,1057.45
1262,-990.283,1523.97,1057.53
1263,-990.123,1526.93,1057.56
1264,-989.842,1529.65,1057.41
1265,-989.65,1532.48,1057.43
1266,-989.424,1535.33,1057.45
1267,-989.167,1538.05,1057.38
1268,-988.792,1540.79,1057.14
1269,-988.609,1543.67,1057.29
1270,-988.323,1546.32,1057.2
1271,-988.054,1548.93,1057.17
1272,-987.802,1551.59,1057.17
1273,-987.516,1554.01,1057.04
1274,-987.25,1556.52,1056.96
1275,-986.982,1558.96,1056.97
1276,-986.68,1561.44,1056.86
1277,-986.423,1563.89,1056.84
1278,-986.034,1566.28,1056.68
1279,-985.815,1568.63,1056.68
1280,-985.376,1570.92,1056.56
1281,-985.137,1573.29,1056.58
1282,-984.805,1575.41,1056.36
1283,-984.543,1577.7,1056.31
1284,-984.304,1579.79,1056.21
1285,-984.127,1581.98,1056.3
1286,-983.968,1584.1,1056.28
1287,-983.706,1586.01,1056.12
1288,-983.491,1588.03,1056.01
1289,-983.269,1590.12,1056.01
1290,-983.133,1591.98,1055.97
1291,-982.873,1593.89,1055.84
1292,-982.685,1595.79,1055.76
1293,-982.497,1597.67,1055.7
1294,-982.264,1599.45,1055.68
1295,-982.013,1601.27,1055.69
1296,-981.748,1603.01,1055.57
1297,-981.474,1604.67,1055.43
1298,-981.324,1606.43,1055.54
1299,-981.097,1607.96,1055.47
1300,-980.849,1609.57,1055.4
1301,-980.605,1611.12,1055.41
1302,-980.357,1612.6,1055.45
1303,-980.137,1614.12,1055.41
1304,-979.894,1615.58,1055.33
1305,-979.68,1617.09,1055.35
1306,-979.525,1618.56,1055.37
1307,-979.306,1619.95,1055.35
1308,-979.054,1621.37,1055.38
1309,-978.837,1622.73,1055.39
1310,-978.635,1624.02,1055.37
1311,-978.496,1625.26,1055.43
1312,-978.308,1626.5,1055.43
1313,-978.188,1627.74,1055.49
1314,-978.007,1628.97,1055.51
1315,-977.805,1630.03,1055.39
1316,-977.773,1631.13,1055.49
1317,-977.639,1632.32,1055.56
1318,-977.484,1633.4,1055.55
1319,-977.378,1634.39,1055.6
1320,-977.203,1635.45,1055.57
1321,-977.063,1636.43,1055.53
1322,-976.968,1637.47,1055.59
1323,-976.834,1638.54,1055.61
1324,-976.597,1639.41,1055.5
1325,-976.49,1640.3,1055.53
1326,-976.382,1641.17,1055.54
1327,-976.224,1642.04,1055.54
1328,-976.101,1642.9,1055.52
1329,-975.968,1643.63,1055.47
1330,-975.818,1644.17,1055.34
1331,-975.684,1644.94,1055.43
1332,-975.57,1645.49,1055.37
1333,-975.433,1646.19,1055.3
1334,-975.415,1646.88,1055.31
1335,-975.336,1647.6,1055.31
1336,-975.229,1648.24,1055.22
1337,-975.097,1648.84,1055.12
1338,-975.074,1649.33,1055.09
1339,-974.991,1649.98,1055.07
1340,-974.897,1650.55,1055.03
1341,-974.808,1651.15,1055
1342,-974.702,1651.69,1054.97
1343,-974.611,1652.2,1054.95
1344,-974.52,1652.57,1054.84
1345,-974.443,1652.99,1054.8
1346,-974.416,1653.48,1054.85
1347,-974.334,1653.99,1054.87
1348,-974.278,1654.42,1054.84
1349,-974.205,1654.76,1054.8
1350,-974.131,1655.09,1054.72
1351,-974.049,1655.4,1054.75
1352,-973.925,1655.63,1054.7
1353,-973.837,1655.81,1054.62
1354,-973.732,1656.1,1054.67
1355,-973.565,1656.43,1054.67
1356,-973.424,1656.59,1054.62
1357,-973.362,1656.76,1054.62
1358,-973.33,1656.91,1054.63
1359,-973.214,1656.99,1054.55
1360,-973.144,1657.19,1054.49
1361,-973.1,1657.27,1054.4
1362,-973.166,1657.58,1054.55
1363,-973.135,1657.71,1054.51
1364,-973.112,1657.87,1054.51
1365,-973.087,1657.92,1054.5
1366,-973.022,1658.05,1054.45
1367,-972.949,1658.09,1054.43
1368,-972.91,1658.07,1054.41
1369,-972.841,1658.09,1054.42
1370,-972.813,1658.07,1054.49
1371,-972.719,1657.94,1054.42
1372,-972.63,1657.84,1054.39
1373,-972.475,1657.64,1054.2
1374,-972.387,1657.51,1054.14
1375,-972.358,1657.46,1054.16
1376,-972.282,1657.41,1054.06
1377,-972.228,1657.33,1054.04
1378,-972.205,1657.3,1054.08
1379,-972.152,1657.19,1054
1380,-972.152,1657.17,1054.05
1381,-972.092,1657.08,1054
1382,-972.004,1656.8,1053.77
1383,-972.001,1656.78,1053.78
1384,-971.889,1656.56,1053.65
1385,-971.829,1656.33,1053.52
1386,-971.783,1656.1,1053.4
1387,-971.694,1655.89,1053.27
1388,-971.67,1655.62,1053.16
1389,-971.613,1655.37,1053.04
1390,-971.505,1655.1,1052.88
1391,-971.429,1654.79,1052.75
1392,-971.293,1654.4,1052.48
1393,-971.324,1654.1,1052.45
1394,-971.313,1653.67,1052.18
1395,-971.332,1653.4,1052.12
1396,-971.336,1653.02,1051.99
1397,-971.342,1652.57,1051.81
1398,-971.274,1652.07,1051.53
1399,-971.224,1651.67,1051.34
1400,-971.179,1651.38,1051.18
1401,-971.13,1651.09,1051.07
1402,-971.06,1650.77,1050.92
1403,-970.983,1650.47,1050.78
1404,-970.944,1650.13,1050.61
1405,-970.91,1649.77,1050.45
1406,-970.894,1649.29,1050.28
1407,-970.852,1648.89,1050.14
1408,-970.805,1648.41,1049.94
1409,-970.768,1647.95,1049.81
1410,-970.728,1647.45,1049.68
1411,-970.655,1647,1049.59
1412,-970.644,1646.45,1049.5
1413,-970.579,1645.91,1049.37
1414,-970.56,1645.3,1049.21
1415,-970.57,1644.74,1049.08
1416,-970.564,1644.34,1049.07
1417,-970.525,1643.81,1048.96
1418,-970.462,1643.3,1048.84
1419,-970.424,1642.82,1048.78
1420,-970.342,1642.27,1048.58
1421,-970.289,1641.78,1048.44
1422,-970.219,1641.32,1048.32
1423,-970.194,1640.84,1048.23
1424,-970.158,1640.36,1048.16
1425,-970.11,1639.8,1048.04
1426,-970.037,1639.24,1047.93
1427,-969.98,1638.61,1047.76
1428,-969.915,1638.03,1047.64
1429,-969.841,1637.43,1047.49
1430,-969.882,1636.9,1047.5
1431,-969.857,1636.28,1047.41
1432,-969.808,1635.6,1047.21
1433,-969.819,1635.01,1047.11
1434,-969.767,1634.4,1046.87
1435,-969.733,1633.86,1046.77
1436,-969.725,1633.3,1046.64
1437,-969.747,1632.75,1046.61
1438,-969.743,1632.06,1046.46
1439,-969.754,1631.41,1046.37
1440,-969.724,1630.81,1046.18
1441,-969.669,1630.13,1045.99
1442,-969.563,1629.62,1045.89
1443,-969.571,1629.12,1045.79
1444,-969.532,1628.62,1045.68
1445,-969.415,1627.97,1045.34
1446,-969.495,1627.41,1045.27
1447,-969.465,1626.86,1045.14
1448,-969.44,1626.33,1045.01
1449,-969.411,1625.75,1044.92
1450,-969.363,1625.03,1044.76
1451,-969.349,1624.4,1044.66
1452,-969.266,1623.83,1044.53
1453,-969.214,1623.33,1044.46
1454,-969.031,1622.64,1044.19
1455,-968.982,1621.96,1044.02
1456,-968.952,1621.24,1043.88
1457,-968.904,1620.58,1043.79
1458,-968.849,1619.94,1043.66
1459,-968.802,1619.4,1043.47
1460,-968.752,1618.92,1043.33
1461,-968.724,1618.35,1043.19
1462,-968.703,1617.8,1043.06
1463,-968.572,1617.12,1042.73
1464,-968.609,1616.54,1042.65
1465,-968.572,1615.98,1042.47
1466,-968.52,1615.49,1042.31
1467,-968.426,1614.96,1042.13
1468,-968.374,1614.44,1042.04
1469,-968.304,1613.83,1041.9
1470,-968.136,1613.19,1041.66
1471,-968.027,1612.68,1041.51
1472,-967.917,1612.14,1041.34
1473,-967.736,1611.57,1041.1
1474,-967.646,1610.9,1040.83
1475,-967.574,1610.27,1040.63
1476,-967.546,1609.61,1040.46
1477,-967.459,1609.04,1040.32
1478,-967.33,1608.53,1040.18
1479,-967.294,1608.08,1040.08
1480,-967.241,1607.61,1039.93
1481,-967.156,1607.08,1039.73
1482,-967.044,1606.57,1039.52
1483,-966.989,1605.96,1039.29
1484,-966.869,1605.5,1039.1
1485,-966.777,1605.09,1038.95
1486,-966.707,1604.63,1038.77
1487,-966.623,1604.19,1038.66
1488,-966.545,1603.75,1038.56
1489,-966.441,1603.3,1038.45
1490,-966.299,1602.85,1038.31
1491,-966.178,1602.46,1038.13
1492,-966.063,1601.98,1037.92
1493,-965.952,1601.6,1037.79
1494,-965.836,1601.16,1037.61
1495,-965.778,1600.76,1037.51
1496,-965.658,1600.35,1037.34
1497,-965.563,1599.89,1037.16
1498,-965.455,1599.45,1036.98
1499,-965.346,1599.06,1036.82
1500,-965.23,1598.73,1036.7
1501,-965.169,1598.44,1036.62
1502,-965.032,1598.05,1036.43
1503,-964.866,1597.77,1036.31
1504,-964.697,1597.42,1036.12
1505,-964.498,1597.13,1035.94
1506,-964.336,1596.76,1035.68
1507,-964.215,1596.49,1035.54
1508,-964.057,1596.14,1035.29
1509,-963.962,1595.86,1035.12
1510,-963.838,1595.57,1034.94
1511,-963.834,1595.34,1034.84
1512,-963.688,1595.13,1034.61
1513,-963.549,1594.84,1034.4
1514,-963.438,1594.58,1034.19
1515,-963.392,1594.44,1034.09
1516,-963.302,1594.2,1033.87
1517,-963.242,1593.96,1033.66
1518,-963.179,1593.73,1033.44
1519,-963.099,1593.6,1033.26
1520,-963.013,1593.45,1033.03
1521,-962.923,1593.26,1032.87
1522,-962.81,1593.1,1032.71
1523,-962.607,1592.93,1032.45
1524,-962.436,1592.8,1032.22
1525,-962.283,1592.71,1032.02
1526,-962.201,1592.58,1031.84
1527,-962.107,1592.37,1031.57
1528,-961.989,1592.26,1031.36
1529,-961.91,1592.13,1031.15
1530,-961.828,1591.99,1030.87
1531,-961.801,1591.91,1030.66
1532,-961.788,1591.81,1030.42
1533,-961.789,1591.72,1030.21
1534,-961.791,1591.68,1029.99
1535,-961.772,1591.64,1029.77
1536,-961.744,1591.66,1029.63
1537,-961.749,1591.6,1029.43
1538,-961.661,1591.58,1029.16
1539,-961.604,1591.5,1028.89
1540,-961.571,1591.55,1028.77
1541,-961.513,1591.55,1028.55
1542,-961.446,1591.52,1028.29
1543,-961.339,1591.6,1028.07
1544,-961.287,1591.65,1027.85
1545,-961.267,1591.68,1027.68
1546,-961.245,1591.67,1027.44
1547,-961.262,1591.66,1027.26
1548,-961.308,1591.65,1027.08
1549,-961.338,1591.7,1026.85
1550,-961.392,1591.76,1026.67
1551,-961.438,1591.84,1026.49
1552,-961.508,1591.9,1026.31
1553,-961.542,1592.03,1026.14
1554,-961.556,1592.16,1025.98
1555,-961.559,1592.27,1025.86
1556,-961.546,1592.33,1025.73
1557,-961.539,1592.37,1025.59
1558,-961.544,1592.44,1025.44
1559,-961.532,1592.44,1025.27
1560,-961.573,1592.58,1025.23
1561,-961.572,1592.68,1025.12
1562,-961.536,1592.73,1024.94
1563,-961.555,1592.81,1024.83
1564,-961.438,1592.79,1024.72
1565,-961.154,1592.56,1024.68
1566,-960.572,1592,1024.82
1567,-959.689,1591.04,1024.82
1568,-958.491,1589.97,1025.07
1569,-956.928,1588.52,1025.22
1570,-955.225,1586.94,1025.57
1571,-953.351,1585.2,1025.89
1572,-951.236,1583.23,1026
1573,-949.271,1581.5,1026.45
1574,-947.214,1579.67,1026.79
1575,-945.282,1578.03,1027.4
1576,-943.342,1576.49,1028.04
1577,-941.593,1575,1028.78
1578,-939.896,1573.82,1029.75
1579,-938.354,1572.61,1030.95
1580,-936.808,1571.43,1032.14
1581,-935.321,1570.26,1033.42
1582,-933.789,1568.93,1034.66
1583,-932.247,1567.66,1036.02
1584,-930.542,1566.11,1037.23
1585,-928.834,1564.45,1038.55
1586,-926.857,1562.66,1039.78
1587,-924.738,1560.6,1040.97
1588,-922.373,1558.42,1042.12
1589,-919.866,1556.07,1043.12
1590,-917.197,1553.55,1044.18
1591,-914.426,1550.96,1045.14
1592,-911.412,1548.03,1045.8
1593,-908.222,1545.28,1046.6
1594,-904.919,1542.38,1047.21
1595,-901.607,1539.38,1047.87
1596,-898.16,1536.11,1048.25
1597,-894.628,1532.84,1048.62
1598,-890.975,1529.85,1049.21
1599,-887.381,1526.49,1049.48
1600,-883.571,1523.09,1049.76
1601,-879.595,1519.55,1049.93
1602,-875.627,1515.92,1050.02
1603,-871.61,1512.13,1049.91
1604,-867.544,1508.47,1050.07
1605,-863.286,1504.55,1049.93
1606,-858.959,1500.43,1049.76
1607,-854.677,1496.42,1049.68
1608,-850.181,1492.19,1049.5
1609,-845.489,1487.76,1049.06
1610,-840.757,1483.35,1048.75
1611,-836.019,1478.84,1048.36
1612,-831.151,1474.34,1047.87
1613,-826.234,1469.77,1047.54
1614,-821.22,1464.99,1047.03
1615,-816.159,1460.24,1046.65
1616,-811.041,1455.41,1046.18
1617,-805.907,1450.57,1045.72
1618,-800.638,1445.59,1045.35
1619,-795.334,1440.46,1044.73
1620,-789.899,1435.3,1044.17
1621,-784.456,1430.06,1043.75
1622,-778.942,1424.75,1043.11
1623,-773.426,1419.25,1042.49
1624,-767.729,1413.91,1042.04
1625,-762.114,1408.5,1041.57
1626,-756.467,1403.03,1041.02
1627,-750.805,1397.53,1040.49
1628,-745.087,1391.94,1040.1
1629,-739.308,1386.33,1039.6
1630,-733.511,1380.74,1039.24
1631,-727.626,1375.06,1038.74
1632,-721.646,1369.36,1038.19
1633,-715.672,1363.44,1037.7
1634,-709.66,1357.54,1037.11
1635,-703.616,1351.62,1036.65
1636,-697.63,1345.79,1036.33
1637,-691.575,1339.81,1035.94
1638,-685.493,1333.63,1035.39
1639,-679.391,1327.57,1035.06
1640,-673.275,1321.36,1034.73
1641,-667.13,1315.1,1034.33
1642,-661.015,1308.85,1033.99
1643,-654.882,1302.61,1033.64
1644,-648.742,1296.37,1033.31
1645,-642.604,1290.03,1033.03
1646,-636.393,1283.62,1032.68
1647,-630.169,1277.25,1032.43
1648,-623.956,1270.85,1032.07
1649,-617.773,1264.36,1031.84
1650,-611.557,1257.89,1031.61
1651,-605.347,1251.45,1031.5
1652,-599.147,1244.82,1031.22
1653,-592.929,1238.14,1030.94
1654,-586.751,1231.63,1030.78
1655,-580.529,1224.87,1030.63
1656,-574.187,1218.31,1030.47
1657,-568.029,1211.5,1030.16
1658,-561.831,1204.79,1030.08
1659,-555.679,1198.08,1029.92
1660,-549.569,1191.29,1029.73
1661,-543.28,1184.37,1029.48
1662,-537.175,1177.55,1029.39
1663,-531.373,1170.75,1029.39
1664,-525.242,1163.81,1029.17
1665,-519.231,1157.09,1029.13
1666,-513.217,1150.16,1029.07
1667,-507.217,1143.28,1028.96
1668,-501.119,1136.22,1028.66
1669,-495.108,1129.18,1028.62
1670,-489.114,1122.28,1028.55
1671,-483.133,1115.21,1028.51
1672,-477.153,1108.12,1028.46
1673,-471.193,1101.02,1028.41
1674,-465.293,1093.96,1028.47
1675,-459.358,1086.69,1028.34
1676,-453.468,1079.55,1028.29
1677,-447.62,1072.48,1028.38
1678,-441.786,1065,1028.19
1679,-435.907,1057.88,1028.1
1680,-430.107,1050.87,1028.2
1681,-424.371,1043.7,1028.19
1682,-418.62,1036.53,1028.06
1683,-412.989,1029.43,1028.07
1684,-407.241,1022.08,1028.05
1685,-401.644,1014.89,1027.98
1686,-396.063,1007.55,1028.06
1687,-390.546,1000.26,1027.99
1688,-385.021,992.98,1027.98
1689,-379.457,985.545,1028
1690,-373.964,978.085,1027.98
1691,-368.53,970.691,1027.95
1692,-363.058,963.12,1027.75
1693,-357.766,955.817,1027.86
1694,-352.385,948.312,1027.83
1695,-347.1,940.901,1027.83
1696,-341.728,933.29,1027.74
1697,-336.503,925.884,1027.87
1698,-331.469,918.627,1027.88
1699,-326.176,911.037,1027.81
1700,-321.199,903.393,1027.7
1701,-316.194,895.955,1027.73
1702,-311.099,888.301,1027.57
1703,-306.09,880.844,1027.63
1704,-301.068,873.295,1027.47
1705,-296.126,865.775,1027.49
1706,-291.06,858.009,1027.25
1707,-286.207,850.37,1027.15
1708,-281.408,842.676,1027.06
1709,-276.648,835.215,1027.14
1710,-271.804,827.568,1026.98
1711,-267.088,820.044,1026.89
1712,-262.368,812.434,1026.8
1713,-257.706,804.745,1026.6
1714,-253.222,797.382,1026.68
1715,-248.651,789.862,1026.57
1716,-244.087,782.055,1026.28
1717,-239.744,774.37,1026.21
1718,-235.111,766.429,1025.82
1719,-230.926,758.954,1026.13
1720,-226.524,751.192,1025.86
1721,-222.059,743.432,1025.65
1722,-217.812,735.541,1025.5
1723,-213.545,727.879,1025.47
1724,-209.302,720.236,1025.33
1725,-204.96,712.499,1025.11
1726,-200.811,704.935,1025.07
1727,-196.714,697.682,1025.05
1728,-192.502,689.98,1024.95
1729,-188.557,682.611,1025.04
1730,-184.477,674.838,1024.8
1731,-180.563,667.337,1024.82
1732,-176.645,659.752,1024.67
1733,-172.844,652.287,1024.72
1734,-169.1,644.709,1024.66
1735,-165.439,637.016,1024.51
1736,-161.822,629.505,1024.58
1737,-158.013,621.799,1024.54
1738,-154.383,614.051,1024.41
1739,-150.726,606.603,1024.46
1740,-147.195,599.217,1024.57
1741,-143.672,591.915,1024.65
1742,-140.058,584.062,1024.4
1743,-136.464,576.64,1024.42
1744,-133.034,569.446,1024.37
1745,-129.775,562.18,1024.41
1746,-126.313,554.775,1024.4
1747,-123.071,547.67,1024.53
1748,-119.659,540.312,1024.39
1749,-116.633,533.286,1024.67
1750,-113.502,525.981,1024.75
1751,-110.188,518.466,1024.72
1752,-107.337,511.56,1024.83
1753,-104.004,503.895,1024.46
1754,-100.983,496.794,1024.79
1755,-97.9704,489.465,1024.66
1756,-95.1649,482.819,1024.89
1757,-92.1768,475.623,1024.92
1758,-89.3954,468.859,1025.15
1759,-86.4629,461.587,1024.85
1760,-83.6998,454.706,1025
1761,-80.969,447.952,1025.15
1762,-78.1799,441.116,1025.12
1763,-75.4538,434.146,1025.04
1764,-72.7266,427.461,1025.01
1765,-70.1826,420.629,1025.04
1766,-67.5884,414.057,1025.1
1767,-65.0805,407.57,1025.12
1768,-62.3723,400.914,1025.11
1769,-59.9154,394.272,1025.14
1770,-57.3916,387.606,1025.03
1771,-54.9954,381.153,1025.21
1772,-52.6676,374.763,1025.3
1773,-50.1266,368.24,1025.08
1774,-47.8528,361.766,1025.13
1775,-45.5651,355.564,1025.16
1776,-43.3998,349.475,1025.11
1777,-41.1627,343.252,1025.04
1778,-38.9067,337.037,1025.03
1779,-36.8,330.999,1024.96
1780,-34.5439,324.997,1024.81
1781,-32.6102,318.962,1024.66
1782,-30.4329,312.991,1024.48
1783,-28.4888,307.184,1024.48
1784,-26.44,301.156,1024.21
1785,-24.4154,295.459,1024.09
1786,-22.4977,289.7,1023.98
1787,-20.5675,283.882,1023.77
1788,-18.6897,278.279,1023.57
1789,-16.8859,272.815,1023.52
1790,-15.0366,267.187,1023.47
1791,-13.3206,261.654,1023.16
1792,-11.6557,256.238,1023.11
1793,-9.94879,251.033,1023.08
1794,-8.42761,245.533,1022.79
1795,-6.57683,240.003,1022.42
1796,-4.84122,234.686,1022.24
1797,-3.23751,229.546,1022.1
1798,-1.56223,224.194,1021.8
1799,-0.0173334,219.049,1021.61
1800,1.39104,214.008,1021.47
1801,2.95706,209.035,1021.26
1802,4.3995,204.181,1021.09
1803,5.76168,199.34,1020.94
1804,7.08996,194.597,1020.92
1805,8.49383,189.773,1020.62
1806,9.70747,185.108,1020.51
1807,11.0525,180.323,1020.19
1808,12.3696,175.787,1020.11
1809,13.4845,171.146,1019.82
1810,14.8531,166.562,1019.53
1811,15.9328,162.075,1019.47
1812,17.1006,157.543,1019.18
1813,18.1954,153.289,1019.22
1814,19.1926,148.863,1019.02
1815,20.4072,144.443,1018.73
1816,21.4066,140.413,1018.64
1817,22.3628,136.208,1018.29
1818,23.5032,132.146,1018.16
1819,24.4184,127.925,1017.89
1820,25.216,124.108,1017.84
1821,26.2088,120.17,1017.81
1822,27.112,115.835,1017.29
1823,27.9844,112.193,1017.26
1824,28.87,108.325,1017.05
1825,29.5875,104.51,1016.96
1826,30.4522,100.733,1016.55
1827,31.2936,97.2182,1016.67
1828,31.9781,93.472,1016.41
1829,32.707,90.154,1016.44
1830,33.5331,86.2351,1015.97
1831,34.046,82.7867,1015.89
1832,34.7082,79.3103,1015.81
1833,35.1974,75.7167,1015.6
1834,35.8658,72.4803,1015.51
1835,36.4465,68.939,1015.1
1836,37.2154,65.732,1014.92
1837,37.684,62.4692,1014.71
1838,38.0961,59.4714,1014.78
1839,38.7063,56.2323,1014.4
1840,39.0881,53.2528,1014.41
1841,39.6361,50.1068,1014.02
1842,40.0164,46.8666,1013.77
1843,40.3256,44.2867,1013.86
1844,40.8627,40.9652,1013.43
1845,41.0621,38.3233,1013.38
1846,41.3733,35.3153,1013.07
1847,41.6999,32.6597,1013.11
1848,42.0748,29.9064,1012.86
1849,42.211,27.2377,1012.82
1850,42.5207,24.6565,1012.69
1851,42.7712,22.0412,1012.52
1852,42.826,19.6083,1012.41
1853,43.2651,17.0565,1012.11
1854,43.5169,14.51,1011.79
1855,43.771,11.9789,1011.71
1856,43.8039,9.88025,1011.8
1857,44.1368,7.21775,1011.5
1858,44.3333,4.95412,1011.32
1859,44.5716,2.60002,1011.1
1860,44.7048,0.516447,1011.19
1861,44.8002,-1.85505,1010.95
1862,44.912,-3.96837,1010.82
1863,45.0982,-6.2061,1010.48
1864,45.2011,-8.29964,1010.32
1865,45.1098,-10.1505,1010.46
1866,45.2741,-12.2787,1010.05
1867,45.0956,-14.0752,1009.99
1868,45.1144,-15.8528,1009.83
1869,45.1516,-17.721,1009.74
1870,45.1754,-19.6637,1009.52
1871,45.2297,-21.5722,1009.25
1872,45.1454,-23.1422,1009.37
1873,45.0621,-25.0899,1009.06
1874,45.1279,-26.754,1008.84
1875,45.0913,-28.3575,1008.85
1876,45.039,-30.1504,1008.58
1877,45.0005,-31.7791,1008.39
1878,44.8512,-33.3489,1008.29
1879,44.7458,-34.8288,1008.3
1880,44.6271,-36.3129,1008.14
1881,44.5565,-37.6178,1007.98
1882,44.5175,-38.8816,1007.99
1883,44.2803,-40.3233,1007.9
1884,44.2185,-41.71,1007.68
1885,44.1139,-42.9374,1007.7
1886,44.0064,-44.2984,1007.56
1887,43.6822,-45.7612,1007.47
1888,43.5587,-46.9871,1007.33
1889,43.4343,-48.0345,1007.27
1890,43.2908,-49.1867,1007.21
1891,42.9924,-50.5556,1007.08
1892,42.8454,-51.6956,1006.94
1893,42.6819,-52.6753,1006.86
1894,42.5078,-53.5802,1006.72
1895,42.235,-54.7073,1006.68
1896,41.9919,-55.7611,1006.47
1897,41.8419,-56.5739,1006.37
1898,41.5949,-57.4368,1006.22
1899,41.4236,-58.3082,1006.02
1900,41.1852,-59.2353,1005.82
1901,40.8709,-60.0625,1005.76
1902,40.92,-60.9332,1005.43
1903,40.7497,-61.7945,1005.25
1904,40.4919,-62.5748,1004.98
1905,40.2885,-63.446,1004.66
1906,39.9724,-64.0189,1004.72
1907,39.6755,-64.6355,1004.7
1908,39.5352,-65.2972,1004.52
1909,39.3172,-65.862,1004.42
1910,39.0151,-66.4231,1004.25
1911,38.8087,-67.1776,1003.96
1912,38.687,-67.9639,1003.56
1913,38.3724,-68.3664,1003.56
1914,38.1659,-68.9815,1003.38
1915,37.8361,-69.2602,1003.41
1916,37.5609,-69.6429,1003.33
1917,37.2898,-70.0653,1003.2
1918,36.9132,-70.423,1003.15
1919,36.7008,-70.8991,1003.01
1920,36.4862,-71.2272,1003
1921,36.2572,-71.597,1002.93
1922,36.0161,-71.9794,1002.82
1923,35.9014,-72.4297,1002.51
1924,35.6479,-72.671,1002.48
1925,35.4022,-72.8636,1002.37
1926,35.0846,-73.2394,1002.28
1927,34.8317,-73.5399,1002.12
1928,34.5596,-73.6774,1002.16
1929,34.2499,-73.8751,1002.15
1930,34.0191,-73.8797,1002.17
1931,33.6836,-74.0072,1002.19
1932,33.5364,-74.2286,1001.96
1933,33.2708,-74.2248,1002.06
1934,33.0385,-74.313,1001.99
1935,32.8809,-74.3976,1001.96
1936,32.6405,-74.3691,1002.04
1937,32.3913,-74.4207,1002.06
1938,32.1359,-74.4909,1002.01
1939,31.9285,-74.5191,1002.02
1940,31.6092,-74.4467,1002.09
1941,31.304,-74.3908,1002.13
1942,31.0144,-74.3056,1002.23
1943,30.7287,-74.1834,1002.29
1944,30.4769,-74.1333,1002.3
1945,30.2422,-74.0837,1002.33
1946,30.0046,-73.8556,1002.36
1947,29.7904,-73.6757,1002.45
1948,29.5163,-73.4985,1002.48
1949,29.3596,-73.3285,1002.52
1950,29.1807,-73.1466,1002.54
1951,28.9865,-72.9373,1002.6
1952,28.7575,-72.7007,1002.7
1953,28.6647,-72.4846,1002.61
1954,28.4622,-72.211,1002.68
1955,28.2338,-71.8448,1002.8
1956,27.9842,-71.454,1002.91
1957,27.8187,-71.1682,1002.85
1958,27.6263,-70.97,1002.87
1959,27.4095,-70.7064,1002.85
1960,27.194,-70.345,1002.82
1961,26.9592,-69.9902,1002.79
1962,26.7963,-69.8571,1002.69
1963,26.5908,-69.5435,1002.64
1964,26.312,-69.1621,1002.66
1965,26.0369,-68.7492,1002.68
1966,25.8183,-68.3213,1002.66
1967,25.5631,-67.8897,1002.6
1968,25.233,-67.369,1002.75
1969,25.0609,-66.9773,1002.71
1970,24.8259,-66.47,1002.83
1971,24.6494,-66.0762,1002.8
1972,24.4166,-65.5325,1002.81
1973,24.2542,-65.0782,1002.71
1974,24.0596,-64.6089,1002.52
1975,23.9437,-64.0753,1002.42
1976,23.7513,-63.4397,1002.51
1977,23.53,-62.9199,1002.49
1978,23.3776,-62.4026,1002.4
1979,23.0984,-61.6776,1002.48
1980,22.909,-61.2143,1002.34
1981,22.7496,-60.6327,1002.31
1982,22.64,-60.1442,1002.21
1983,22.6101,-59.6278,1002
1984,22.4635,-58.9427,1001.93
1985,22.2672,-58.1846,1001.99
1986,22.0324,-57.4017,1001.88
1987,21.8781,-56.8617,1001.71
1988,21.5914,-56.2264,1001.7
1989,21.4538,-55.723,1001.53
1990,21.3368,-55.2369,1001.28
1991,21.3131,-54.5283,1001.03
1992,21.1218,-53.5382,1001.03
1993,20.9496,-52.7627,1000.77
1994,20.7717,-52.1314,1000.51
1995,20.4765,-51.3712,1000.5
1996,20.2628,-50.6104,1000.31
1997,20.2301,-50.1159,999.993
1998,19.945,-49.2849,999.943
1999,19.7758,-48.326,999.783
2000,19.6719,-47.6638,999.442
2001,19.6202,-47.0617,999.14
2002,19.7841,-46.5375,998.538
2003,19.6797,-45.7859,998.035
2004,19.8235,-45.3199,997.255
2005,19.8359,-44.6123,996.678
2006,19.8951,-44.1173,995.649
2007,19.9403,-43.4347,994.759
2008,20.1603,-42.694,993.559
2009,20.3998,-42.2254,992.064
2010,20.4397,-41.4833,990.796
2011,20.5737,-41.0383,989.081
2012,20.794,-40.3224,987.249
2013,20.9096,-39.4834,985.379
2014,21.0096,-38.6934,983.339
2015,21.087,-38.1168,981.14
2016,21.2063,-37.453,978.592
2017,21.4214,-36.6497,976.237
2018,21.5042,-36.0371,973.462
2019,21.5782,-35.3554,970.945
2020,21.6742,-34.7822,967.995
2021,21.8624,-34.1703,964.976
2022,22.0338,-33.5124,961.899
2023,22.1777,-32.9109,958.812
2024,22.409,-32.3826,955.527
2025,22.6719,-31.9266,952.303
2026,22.9901,-31.2889,948.714
2027,23.2673,-30.5571,945.386
2028,23.7123,-30.3755,941.556
2029,24.1101,-29.8751,937.828
2030,24.4333,-29.1127,934.369
2031,24.9928,-28.6304,930.509
2032,25.3545,-28.1561,926.694
2033,25.9109,-27.4984,922.748
2034,26.3456,-26.8836,918.916
2035,26.8327,-26.4353,914.899
2036,27.5103,-25.9792,910.807
2037,28.1072,-25.5939,906.585
2038,28.5859,-25.0831,902.527
2039,29.2055,-24.6116,898.541
2040,29.9326,-24.0717,894.534
2041,30.6446,-23.8196,890.107
2042,31.4284,-23.4368,885.788
2043,32.2021,-23.181,881.666
2044,32.9953,-22.9216,877.313
2045,33.8321,-22.6657,873.078
2046,34.7705,-22.4488,868.925
2047,35.6615,-22.0203,864.44
2048,36.6075,-21.7303,860.07
2049,37.5815,-21.38,855.769
2050,38.6093,-21.0373,851.402
2051,39.7624,-21.01,846.697
2052,40.8242,-20.6354,842.524
2053,41.8985,-20.1039,838.264
2054,42.9733,-19.9181,833.647
2055,44.1927,-19.5639,829.462
2056,45.3698,-19.4208,825.055
2057,46.5371,-19.2872,820.549
2058,47.7624,-19.0985,816.217
2059,49.098,-19.0578,811.629
2060,50.3655,-18.7794,807.238
2061,51.6499,-18.8456,802.762
2062,52.9177,-18.8317,798.3
2063,54.35,-18.6863,793.894
2064,55.6489,-18.6813,789.406
2065,57.219,-18.8036,784.801
2066,58.6932,-18.3972,780.624
2067,60.2926,-18.5315,775.895
2068,61.8486,-18.5445,771.548
2069,63.3905,-18.3082,767.197
2070,64.9308,-18.3229,762.672
2071,66.7242,-18.3826,757.975
2072,68.3988,-18.1409,753.933
2073,70.0705,-18.2217,749.388
2074,71.8432,-18.3094,744.971
2075,73.517,-18.2725,740.553
2076,75.357,-18.3098,735.953
2077,77.2402,-18.6199,731.314
2078,79.0567,-18.6677,726.99
2079,80.9016,-18.7736,722.617
2080,82.8186,-19.0832,718.005
2081,84.582,-19.3076,713.626
2082,86.5589,-19.2052,709.445
2083,88.6522,-19.4106,704.778
2084,90.5742,-19.6239,700.516
2085,92.6373,-19.7422,696.094
2086,94.6715,-20.2453,691.482
2087,96.8276,-20.1495,687.259
2088,99.1596,-20.6409,682.611
2089,101.342,-20.946,678.214
2090,103.604,-21.1275,674.012
2091,105.965,-21.3387,669.428
2092,108.267,-21.5702,665.017
2093,110.443,-21.8584,660.686
2094,112.862,-22.1471,656.211
2095,115.301,-22.5576,651.803
2096,117.565,-22.8328,647.638
2097,120.036,-23.1473,643.283
2098,122.666,-23.7524,638.703
2099,125.077,-23.8871,634.584
2100,127.756,-24.1697,630.268
2101,130.544,-24.6653,625.995
2102,133.107,-24.9473,621.74
2103,135.753,-25.2687,617.466
2104,138.483,-25.7331,613.324
2105,141.256,-26.1552,609.074
2106,144.127,-26.7015,604.801
2107,146.665,-27.0617,600.682
2108,149.562,-27.5726,596.589
2109,152.408,-27.8474,592.637
2110,155.248,-28.54,588.496
2111,158.102,-29.1483,584.433
2112,160.954,-29.504,580.476
2113,164.048,-30.3145,576.111
2114,166.909,-30.9449,572.317
2115,170.016,-31.4832,568.19
2116,173.082,-31.8582,564.585
2117,176.263,-32.8032,560.247
2118,179.475,-33.1833,556.704
2119,182.693,-33.6882,552.731
2120,185.964,-34.4326,548.853
2121,189.247,-34.759,545.064
2122,192.543,-35.5379,541.273
2123,195.824,-36.1245,537.751
2124,199.245,-36.6404,533.835
2125,202.688,-37.3205,530.278
2126,206.117,-37.7217,526.775
2127,209.576,-38.3804,523.346
2128,213.01,-39.1906,519.62
2129,216.434,-39.7732,516.277
2130,220.228,-40.6167,512.47
2131,223.672,-41.3197,509.317
2132,227.167,-41.8222,506.086
2133,230.808,-42.7738,502.522
2134,234.441,-43.6898,499.217
2135,238.138,-44.4212,496.021
2136,241.982,-45.1398,492.8
2137,245.656,-45.9482,489.72
2138,249.402,-46.6303,486.449
2139,253.206,-47.5057,483.347
2140,256.912,-48.1746,480.295
2141,260.786,-48.9715,477.098
2142,264.71,-49.7643,474.156
2143,268.854,-50.4478,470.589
2144,272.666,-51.1798,467.566
2145,276.639,-51.8386,464.522
2146,280.78,-52.5912,461.375
2147,284.731,-53.4955,458.257
2148,288.839,-54.2754,454.95
2149,292.9,-55.1545,452.074
2150,296.899,-56.05,449.154
2151,301.062,-56.8947,445.908
2152,305.307,-57.7729,442.892
2153,309.667,-58.6347,439.632
2154,313.708,-59.4727,436.695
2155,318.054,-60.4353,433.443
2156,322.322,-61.3292,430.596
2157,326.749,-62.3182,427.493
2158,331.168,-63.1521,424.566
2159,335.77,-64.0188,421.31
2160,340.199,-64.9697,418.361
2161,344.886,-66.8401,414.244
2162,349.394,-67.1527,411.542
2163,354.101,-68.5428,408.203
2164,358.614,-69.4309,405.215
2165,363.376,-70.4476,402.291
2166,368.008,-71.4403,399.211
2167,372.816,-72.564,396.092
2168,377.301,-73.8977,393.173
2169,382.157,-74.929,390.162
2170,386.95,-76.0758,387.373
2171,391.788,-77.2293,384.378
2172,396.696,-78.4324,381.436
2173,401.775,-79.6435,378.404
2174,406.864,-80.7152,375.347
2175,411.858,-81.8859,372.51
2176,416.927,-82.9544,369.413
2177,422.098,-84.1637,366.787
2178,427.409,-85.2498,363.767
2179,432.576,-86.3213,360.97
2180,437.879,-87.4099,358.241
2181,443.105,-88.647,355.522
2182,448.357,-90.0317,352.714
2183,453.649,-91.2758,350.154
2184,459.302,-92.4937,347.32
2185,464.549,-93.6317,344.83
2186,470.087,-95.0627,342.052
2187,475.537,-96.4213,339.545
2188,480.955,-97.9434,336.961
2189,486.697,-99.2861,334.216
2190,492.316,-100.733,331.715
2191,497.933,-102.122,329.019
2192,503.642,-103.68,326.302
2193,509.283,-105.079,323.892
2194,515.171,-106.336,321.202
2195,520.882,-107.821,318.542
2196,526.714,-109.147,316
2197,532.568,-110.695,313.46
2198,538.419,-112.122,310.792
2199,544.318,-113.39,308.281
2200,550.259,-114.97,305.916
2201,556.206,-116.628,303.475
2202,562.202,-118.012,300.884
2203,568.402,-119.512,298.554
2204,574.418,-121.464,296.304
2205,580.779,-123.065,294.181
2206,586.771,-124.767,291.975
2207,592.976,-126.502,289.741
2208,599.203,-128.257,287.532
2209,605.526,-129.814,285.519
2210,611.845,-131.582,283.435
2211,618.293,-133.13,281.418
2212,624.608,-134.899,279.392
2213,631.039,-136.498,277.297
2214,637.421,-138.378,275.339
2215,643.763,-140.128,273.155
2216,650.335,-141.782,270.832
2217,656.872,-143.562,268.505
2218,663.391,-145.134,265.963
2219,669.983,-146.923,263.192
2220,676.553,-148.756,260.133
2221,683.149,-150.559,256.869
2222,689.754,-152.322,253.467
2223,696.398,-154.143,249.577
2224,703.021,-155.932,245.457
2225,709.674,-157.808,241.291
2226,716.384,-159.599,236.999
2227,723.057,-161.476,232.709
2228,729.954,-163.215,228.219
2229,736.767,-165.089,224.013
2230,743.701,-167.073,219.752
2231,750.711,-168.983,215.438
2232,757.54,-170.784,211.604
2233,764.333,-172.575,208.199
2234,769.87,-173.62,207.118
2235,773.574,-174.404,208.202
2236,777.301,-175.067,210.49
2237,781.659,-175.875,212.72
2238,785.333,-176.86,214.948
2239,789.585,-177.71,217.173
2240,794.119,-178.765,219.747
2241,798.625,-179.762,222.265
2242,803.213,-180.924,225.091
2243,807.988,-182.03,227.702
2244,812.816,-183.307,230.414
2245,817.779,-184.674,233.229
2246,822.588,-185.976,236.039
2247,827.1,-187.288,238.774
2248,831.229,-188.049,242.533
2249,835.684,-189.27,245.277
2250,839.998,-190.302,247.649
2251,843.982,-191.422,250.129
2252,847.884,-192.494,252.759
2253,851.655,-193.343,255.301
2254,855.395,-194.351,257.421
2255,858.721,-195.223,259.566
2256,862.307,-196.176,261.16
2257,865.696,-197.134,263.025
2258,869.047,-197.971,264.536
2259,872.209,-198.76,266.198
2260,875.528,-199.832,267.259
2261,878.851,-200.758,268.513
2262,882.006,-201.884,269.199
2263,885.281,-202.806,270.13
2264,888.478,-203.842,270.774
2265,891.738,-204.881,271.156
2266,894.94,-206.155,271.554
2267,898,-207.137,271.586
2268,901.252,-208.223,271.705
2269,904.477,-209.169,271.963
2270,907.468,-210.322,271.588
2271,910.717,-211.301,271.387
2272,913.613,-212.398,271.545
2273,916.429,-213.251,270.938
2274,919.301,-214.185,270.3
2275,921.954,-215.33,269.535
2276,924.503,-216.064,268.707
2277,927.055,-217.2,267.298
2278,929.474,-218.015,266.065
2279,931.927,-219.02,264.273
2280,934.194,-219.834,262.379
2281,937.539,-220.695,260.649
2282,939.87,-221.409,257.629
2283,942.266,-222.297,254.719
2284,943.699,-223.164,250.777
2285,946.101,-223.995,247.202
2286,948.428,-224.95,243.004
2287,950.794,-225.647,238.489
2288,953.006,-226.645,233.838
2289,954.948,-227.405,228.976
2290,956.695,-228.431,224.04
2291,958.15,-229.125,218.957
2292,959.406,-230.574,214.317
2293,961.673,-233.113,211.355
2294,964.36,-236.508,209.651
2295,967.625,-238.892,209.676
2296,971.022,-240.716,210.47
2297,973.916,-241.704,211.689
2298,976.166,-242.541,212.977
2299,978,-243.265,214.51
2300,979.359,-243.857,216.138
2301,980.253,-244.314,218.12
2302,980.648,-244.681,220.152
2303,980.602,-245.205,222.087
2304,980.137,-245.51,224.343
2305,979.534,-245.952,226.466
2306,978.63,-246.393,228.636
2307,977.541,-246.839,230.785
2308,977.383,-248.503,233.381
2309,975.946,-249.174,235.461
2310,974.667,-249.729,237.334
2311,973.835,-250.835,239.538
2312,972.525,-251.658,241.648
2313,971.592,-252.642,243.459
2314,970.353,-253.428,245.287
2315,969.477,-254.095,246.966
2316,968.528,-254.969,248.727
2317,967.633,-255.741,250.328
2318,966.82,-256.537,251.885
2319,966.072,-257.208,252.881
2320,965.26,-257.848,253.916
2321,964.428,-258.573,254.593
2322,963.653,-259.33,254.795
2323,962.984,-260.114,255.018
2324,962.234,-260.851,254.742
2325,961.391,-261.522,254.057
2326,960.672,-262.2,252.862
2327,959.83,-262.76,251.277
2328,959.133,-263.579,249.292
2329,958.424,-264.334,247.002
2330,957.719,-264.865,244.248
2331,957.217,-265.686,241.001
2332,956.48,-266.482,237.182
2333,955.696,-267.337,233.102
2334,955.01,-268.103,228.212
2335,953.682,-267.587,222.729
2336,953.237,-268.482,216.913
2337,953.029,-270.422,211.709
2338,954.273,-273.773,207.613
2339,957.635,-276.803,206.931
2340,961.349,-278.231,208.23
2341,965.222,-279.911,210.332
2342,968.104,-280.205,211.872
2343,970.752,-280.308,212.933
2344,972.903,-279.505,213.432
2345,975.61,-280.016,213.732
2346,978.079,-280.504,213.657
2347,980.117,-281.441,213.857
2348,982.059,-282.486,213.942
2349,983.207,-283.398,214.175
2350,984.111,-283.996,214.291
2351,984.861,-284.317,214.222
2352,985.06,-284.513,213.981
2353,984.889,-284.676,213.517
2354,984.531,-284.899,213.036
2355,983.7,-285.214,212.497
2356,982.444,-285.839,211.825
2357,980.947,-286.186,211.254
2358,979.142,-286.572,210.364
2359,976.723,-287.057,209.598
2360,973.991,-287.377,208.714
2361,971.11,-287.701,207.962
2362,967.96,-288.095,207.419
2363,964.979,-288.362,207.332
2364,962.563,-288.391,208.045
2365,960.837,-288.626,209.096
2366,959.18,-288.898,209.301
2367,957.618,-289.283,209.426
2368,956.265,-289.626,209.443
2369,955.621,-289.798,209.105
2370,955.258,-289.729,208.901
2371,955.379,-289.866,208.689
2372,956.039,-289.852,208.477
2373,957.027,-289.658,208.197
2374,958.184,-289.513,207.948
2375,959.728,-289.479,207.664
2376,961.395,-289.36,207.52
2377,962.8,-289.35,207.692
2378,963.901,-289.436,207.903
2379,964.761,-289.445,208.006
2380,965.434,-289.41,207.791
2381,965.827,-289.436,207.639
2382,965.929,-289.539,207.535
2383,965.607,-289.678,207.522
2384,965.093,-289.683,207.479
2385,964.419,-289.63,207.527
2386,963.733,-289.609,207.44
2387,963.155,-289.734,207.434
2388,962.652,-289.667,207.363
2389,962.397,-289.763,207.37
2390,962.203,-289.845,207.423
2391,962.211,-289.87,207.329
2392,962.395,-289.897,207.359
2393,962.675,-289.994,207.545
2394,962.996,-289.958,207.47
2395,963.17,-289.985,207.513
2396,963.354,-290.011,207.638
2397,963.619,-289.9,207.382
2398,963.619,-289.943,207.374
2399,963.654,-289.941,207.364
2400,963.53,-289.964,207.432
2401,963.461,-289.94,207.433
2402,963.376,-289.928,207.333
2403,963.25,-290.049,207.605
2404,963.178,-290.024,207.504
2405,963.16,-290.067,207.578
2406,963.219,-290.021,207.522
2407,963.204,-290.031,207.646
2408,963.356,-290.065,207.51
2409,963.408,-290.074,207.612
2410,963.455,-289.908,207.37
2411,963.464,-289.966,207.428
2412,963.473,-289.919,207.351
2413,963.45,-289.92,207.289
2414,963.412,-289.953,207.388
2415,963.354,-289.887,207.302
2416,963.337,-289.944,207.383
2417,963.276,-289.843,207.314
2418,963.357,-289.926,207.365
2419,963.404,-289.912,207.316
2420,963.336,-289.91,207.369
2421,963.408,-289.897,207.295
2422,963.37,-289.932,207.39
2423,963.376,-289.918,207.308
2424,963.276,-289.876,207.332
2425,963.154,-289.945,207.425
2426,963.112,-290.049,207.479
2427,963.069,-289.987,207.45
2428,962.97,-290.046,207.442
2429,962.905,-289.88,207.33
2430,962.856,-289.891,207.36
2431,962.927,-289.966,207.418
2432,962.83,-289.885,207.399
2433,962.882,-289.959,207.479
2434,962.845,-289.953,207.434
2435,962.787,-289.975,207.481
2436,962.812,-289.945,207.43
2437,962.676,-289.961,207.401
2438,962.717,-289.844,207.268
2439,962.599,-289.848,207.31
2440,962.611,-289.853,207.275
2441,962.531,-289.884,207.371
2442,962.535,-289.881,207.401
2443,962.566,-290.037,207.476
2444,962.645,-289.909,207.29
2445,962.666,-289.894,207.271
2446,962.782,-289.925,207.26
2447,962.816,-290.012,207.394
2448,962.84,-289.933,207.323
2449,962.868,-289.895,207.258
2450,962.803,-289.934,207.277
2451,962.885,-289.994,207.422
2452,962.879,-290.043,207.456
2453,962.849,-289.885,207.251
2454,962.819,-290.001,207.471
2455,962.872,-290.013,207.474
2456,962.874,-289.98,207.438
2457,962.941,-289.992,207.383
2458,962.939,-290.006,207.428
2459,962.899,-290.052,207.43
2460,962.931,-290.007,207.433
2461,962.912,-290.028,207.431
2462,962.91,-289.989,207.404
2463,962.904,-290.035,207.414
2464,962.941,-289.977,207.419
2465,962.921,-290.008,207.403
2466,962.912,-290.005,207.396
2467,962.842,-290.019,207.481
2468,962.964,-290.012,207.427
2469,962.913,-289.979,207.412
2470,962.885,-290.057,207.466
2471,962.951,-289.993,207.506
2472,962.992,-290.007,207.424
2473,962.939,-290.013,207.491
2474,962.987,-290.037,207.411
2475,962.914,-290.022,207.482
2476,963.004,-290.025,207.415
2477,962.948,-290.04,207.505
2478,963.04,-290.049,207.435
2479,962.955,-290.058,207.502
2480,962.967,-290.128,207.438
2481,963.023,-289.89,207.233
2482,962.936,-289.947,207.278
2483,962.978,-289.919,207.255
2484,963.023,-289.934,207.269
2485,962.928,-289.94,207.294
2486,962.964,-290.022,207.49
2487,962.948,-290.073,207.452
2488,962.97,-290.079,207.474
2489,962.954,-290.054,207.426
2490,962.951,-290.041,207.396
2491,963.017,-290.016,207.396
2492,962.917,-290.043,207.471
2493,962.934,-290.04,207.456
2494,962.939,-290.063,207.466
2495,962.95,-290.017,207.382
2496,963.041,-290.002,207.364
2497,963.004,-290,207.329
2498,963.034,-290.036,207.333
