1,-8.96301,-38.6512,617.495
2,-8.07586,-38.4866,624.59
3,-7.3236,-38.5218,631.67
4,-6.45456,-38.6929,638.628
5,-5.56088,-38.6027,645.412
6,-4.71051,-38.6142,652.102
7,-3.96723,-38.7082,658.551
8,-2.99458,-38.6374,665.016
9,-2.14727,-38.6232,671.288
10,-1.08806,-38.7565,677.424
11,-0.189271,-38.656,683.334
12,0.771183,-38.7708,689.099
13,1.65591,-38.8402,694.819
14,2.5985,-38.9081,700.326
15,3.54983,-38.9659,705.912
16,4.45045,-38.8898,711.259
17,5.46501,-38.9993,716.368
18,6.37902,-38.85,721.59
19,7.318,-38.8667,726.591
20,8.32932,-38.8284,731.446
21,9.31721,-38.6065,736.334
22,10.3339,-38.704,741.051
23,11.2961,-38.7343,745.697
24,12.181,-38.8435,750.043
25,13.1181,-38.9811,754.462
26,14.1262,-39.1824,758.701
27,14.9999,-39.1964,762.947
28,15.9758,-39.1864,767.264
29,17.0567,-39.2063,771.23
30,18.053,-39.6549,775.084
31,18.9954,-39.8116,778.91
32,19.9342,-39.9724,782.747
33,20.909,-39.9451,786.653
34,21.9525,-40.037,790.16
35,22.8297,-40.126,793.657
36,23.8485,-39.9971,797.32
37,24.7233,-40.2539,800.649
38,25.7287,-40.0715,804.239
39,26.8334,-40.1909,807.481
40,27.7743,-40.3625,810.721
41,28.5583,-40.203,814.061
42,29.4861,-40.4052,817.176
43,30.49,-40.614,820.26
44,31.3502,-41.0037,823.316
45,32.5198,-41.1577,826.181
46,33.3704,-41.5359,828.997
47,34.2739,-41.5658,832.107
48,35.2723,-41.7891,834.779
49,36.1071,-41.7264,837.765
50,37.1372,-41.9424,840.399
51,38.127,-41.9467,843
52,39.1056,-41.9327,845.826
53,40.0979,-42.1124,848.334
54,41.0481,-42.3484,850.86
55,41.8682,-42.317,853.439
56,42.739,-42.5704,856.019
57,43.6906,-42.8222,858.322
58,44.7202,-42.9357,860.826
59,45.5679,-43.0485,863.135
60,46.5251,-43.2463,865.452
61,47.4299,-43.6555,867.782
62,48.1248,-43.7586,870.007
63,49.0931,-44.0852,872.145
64,49.8994,-44.5256,874.117
65,50.7016,-44.3983,876.534
66,51.4657,-44.7837,878.594
67,52.4037,-44.9252,880.599
68,53.1862,-45.1434,882.707
69,53.8441,-45.1679,884.785
70,54.6711,-45.5085,886.719
71,55.3869,-45.7354,888.537
72,56.2481,-46.026,890.462
73,56.9365,-46.1327,892.256
74,57.7699,-46.3211,894.092
75,58.6358,-46.7027,895.764
76,59.3061,-46.9267,897.55
77,60.092,-47.021,899.404
78,60.7278,-47.2578,901.026
79,61.5312,-47.6284,902.612
80,62.2438,-47.614,904.379
81,63.0075,-47.9923,905.993
82,63.9054,-48.4758,907.295
83,64.635,-48.6792,908.657
84,65.234,-48.7369,910.543
85,65.9897,-49.0789,911.877
86,66.7254,-49.3741,913.243
87,67.3849,-49.6344,914.719
88,68.0758,-49.8631,915.945
89,68.5883,-50.014,917.377
90,69.2636,-50.5377,918.516
91,70.0351,-50.557,919.859
92,70.6647,-50.7067,921.178
93,71.327,-51.1777,922.217
94,71.9416,-51.144,923.433
95,72.6085,-51.4979,924.575
96,73.2966,-51.8619,925.553
97,73.8885,-52.1358,926.488
98,74.4237,-52.3423,927.616
99,75.1123,-52.7388,928.549
100,75.6377,-53.0926,929.667
101,76.1728,-53.5002,930.523
102,76.77,-53.9403,931.315
103,77.329,-54.1384,932.283
104,78.0187,-54.5846,933.044
105,78.6293,-54.884,933.889
106,79.193,-55.1171,934.683
107,79.7748,-55.529,935.302
108,80.2495,-55.6734,936.18
109,80.6696,-56.1281,936.664
110,81.1499,-56.3538,937.492
111,81.6076,-56.6636,938.324
112,82.0039,-56.9641,939.018
113,82.4167,-57.1744,939.578
114,82.8501,-57.45,940.27
115,83.2881,-57.741,940.81
116,83.7415,-58.0387,941.473
117,84.1805,-58.4803,941.957
118,84.6111,-58.7121,942.524
119,85.1584,-58.9282,943.104
120,85.7704,-59.2701,943.663
121,86.3716,-59.5253,944.233
122,86.7694,-59.9378,944.754
123,87.1938,-60.4104,945.207
124,87.7819,-60.8231,945.515
125,88.3169,-61.4156,945.913
126,88.7775,-61.6539,946.417
127,89.1291,-61.9261,946.899
128,89.5809,-62.3598,947.237
129,89.89,-62.8365,947.557
130,90.2898,-63.3197,947.845
131,90.7354,-63.6186,948.217
132,91.1264,-63.9412,948.515
133,91.5748,-64.299,948.878
134,92.0037,-64.394,949.204
135,92.5368,-64.6999,949.387
136,93.0566,-65.0018,949.601
137,93.5746,-65.2827,949.823
138,94.0882,-65.5492,949.944
139,94.4996,-65.9305,950.098
140,94.9415,-66.1531,950.317
141,95.3549,-66.4696,950.523
142,95.7605,-66.8221,950.553
143,96.2294,-67.2116,950.624
144,96.5531,-67.4954,950.868
145,96.9013,-67.9485,951.024
146,97.2791,-68.4094,951.072
147,97.6083,-68.8346,951.136
148,97.914,-69.0413,951.349
149,98.2304,-69.3387,951.391
150,98.675,-69.6524,951.328
151,99.0073,-69.984,951.512
152,99.3534,-70.3083,951.58
153,99.6643,-70.5865,951.66
154,100.062,-70.8039,951.754
155,100.538,-71.2192,951.705
156,100.854,-71.3667,951.8
157,101.281,-71.6815,951.801
158,101.674,-72.1143,951.774
159,102.013,-72.5942,951.695
160,102.339,-72.8839,951.659
161,102.66,-73.2245,951.556
162,102.882,-73.4814,951.45
163,103.168,-73.8036,951.362
164,103.533,-74.0786,951.256
165,103.764,-74.3297,951.291
166,104.073,-74.5743,951.254
167,104.335,-74.8088,951.222
168,104.591,-74.8982,951.317
169,104.872,-75.207,951.211
170,105.112,-75.3317,951.312
171,105.413,-75.6783,951.245
172,105.709,-75.9434,951.219
173,106.01,-76.3646,951.191
174,106.341,-76.7506,951.081
175,106.61,-77.017,951.012
176,106.942,-77.3754,950.927
177,107.343,-77.7642,950.761
178,107.629,-78.0258,950.755
179,107.935,-78.3569,950.667
180,108.208,-78.5717,950.643
181,108.444,-78.9167,950.432
182,108.688,-79.1755,950.286
183,108.9,-79.5026,950.122
184,109.073,-79.7728,949.991
185,109.234,-79.9825,949.866
186,109.395,-80.2548,949.72
187,109.539,-80.5102,949.532
188,109.627,-80.6853,949.435
189,109.732,-80.9295,949.289
190,109.865,-81.1497,949.102
191,109.955,-81.3722,949
192,109.996,-81.6045,948.933
193,110.102,-82.0119,948.856
194,110.345,-82.3788,948.556
195,110.433,-82.6643,948.451
196,110.611,-83.0049,948.159
197,110.797,-83.1789,948.016
198,110.839,-83.4715,947.884
199,110.878,-83.7626,947.716
200,110.993,-83.9373,947.55
201,111.025,-84.0882,947.503
202,111.061,-84.4866,947.21
203,111.071,-84.6505,947.241
204,111.055,-84.8896,947.132
205,111.111,-85.2177,946.961
206,111.196,-85.4807,946.734
207,111.231,-85.7842,946.559
208,111.309,-86.1097,946.337
209,111.267,-86.4714,946.211
210,111.229,-86.818,945.999
211,111.179,-87.1502,945.85
212,111.122,-87.3951,945.668
213,111.026,-87.6382,945.576
214,110.899,-88.0033,945.365
215,110.845,-88.2806,945.138
216,110.699,-88.6717,944.953
217,110.669,-88.9023,944.703
218,110.588,-89.1692,944.477
219,110.498,-89.3609,944.294
220,110.48,-89.6188,944.029
221,110.385,-89.8603,943.849
222,110.271,-90.0769,943.717
223,110.202,-90.3371,943.409
224,110.117,-90.5723,943.212
225,110.092,-90.9996,942.845
226,109.99,-91.3074,942.624
227,109.799,-91.5385,942.433
228,109.79,-92.0338,942.145
229,109.696,-92.422,941.839
230,109.557,-92.7528,941.608
231,109.405,-93.0102,941.36
232,109.212,-93.3572,941.056
233,108.951,-93.7085,940.896
234,108.738,-93.9735,940.689
235,108.608,-94.1079,940.397
236,108.399,-94.4257,940.211
237,108.258,-94.5841,939.968
238,108.099,-94.7277,939.758
239,107.904,-95.0711,939.411
240,107.695,-95.4953,939.119
241,107.533,-95.6583,938.941
242,107.404,-95.8997,938.638
243,107.267,-96.2551,938.358
244,107.068,-96.6032,938.148
245,106.824,-96.8115,937.969
246,106.628,-97.0328,937.825
247,106.373,-97.31,937.656
248,106.182,-97.5948,937.532
249,105.963,-97.9333,937.285
250,105.7,-98.2383,937.073
251,105.457,-98.4192,936.923
252,105.266,-98.8857,936.522
253,105.023,-99.0257,936.345
254,104.787,-99.3647,936.056
255,104.533,-99.5243,935.83
256,104.463,-99.7905,935.625
257,104.344,-100.066,935.26
258,104.212,-100.178,935.067
259,104.071,-100.392,934.703
260,103.87,-100.587,934.428
261,103.627,-100.766,934.19
262,103.373,-101.003,933.936
263,103.105,-101.351,933.633
264,102.849,-101.699,933.423
265,102.559,-101.952,933.211
266,102.302,-102.168,932.889
267,102.001,-102.361,932.61
268,101.836,-102.547,932.451
269,101.642,-102.773,932.182
270,101.451,-102.976,931.896
271,101.225,-103.331,931.554
272,101.001,-103.502,931.347
273,100.856,-103.611,931.11
274,100.629,-104.007,930.623
275,100.336,-104.146,930.493
276,100.129,-104.379,930.162
277,99.8944,-104.663,929.945
278,99.6152,-104.853,929.699
279,99.3438,-104.996,929.577
280,99.0961,-105.312,929.244
281,98.7684,-105.435,929.046
282,98.4197,-105.46,928.959
283,98.0449,-105.586,928.613
284,97.7847,-105.843,928.423
285,97.5121,-105.974,928.222
286,97.3293,-106.143,928.005
287,97.1285,-106.284,927.641
288,96.9201,-106.401,927.403
289,96.6426,-106.451,927.278
290,96.4575,-106.541,927.038
291,96.2683,-106.618,926.806
292,96.026,-106.709,926.586
293,95.8666,-106.816,926.325
294,95.6025,-106.88,926.105
295,95.3606,-107.041,925.805
296,95.0921,-107.18,925.511
297,94.8042,-107.374,925.17
298,94.4496,-107.446,924.869
299,94.1423,-107.54,924.559
300,93.78,-107.596,924.367
301,93.4801,-107.661,924.105
302,93.1601,-107.677,923.913
303,92.8989,-107.724,923.672
304,92.545,-107.873,923.29
305,92.2542,-107.98,923.005
306,91.951,-108.111,922.751
307,91.6745,-108.129,922.596
308,91.4187,-108.296,922.17
309,91.1807,-108.402,921.956
310,90.9059,-108.338,921.717
311,90.6504,-108.366,921.451
312,90.4049,-108.421,921.114
313,90.1233,-108.457,920.711
314,89.7485,-108.388,920.518
315,89.4675,-108.385,920.247
316,89.1504,-108.279,919.957
317,88.8426,-108.224,919.611
318,88.4738,-108.127,919.451
319,88.1898,-108.245,919.102
320,87.9054,-108.231,918.88
321,87.6297,-108.286,918.614
322,87.3924,-108.264,918.306
323,87.1584,-108.307,918.021
324,86.9081,-108.252,917.748
325,86.5818,-108.251,917.455
326,86.2375,-108.24,917.117
327,85.8316,-108.11,916.878
328,85.4982,-107.998,916.716
329,85.1299,-107.884,916.466
330,84.8071,-107.831,916.137
331,84.4799,-107.705,915.87
332,84.1548,-107.628,915.594
333,83.7975,-107.457,915.339
334,83.472,-107.419,915.056
335,83.1567,-107.326,914.78
336,82.9595,-107.383,914.438
337,82.5758,-107.218,914.372
338,82.2951,-107.048,914.146
339,82.0375,-106.895,913.982
340,81.7036,-106.85,913.703
341,81.411,-106.745,913.517
342,81.0993,-106.584,913.335
343,80.7612,-106.437,913.132
344,80.4629,-106.239,912.947
345,80.1688,-105.952,912.699
346,79.9633,-105.723,912.532
347,79.7617,-105.55,912.4
348,79.5436,-105.313,912.46
349,79.3542,-105.08,912.582
350,79.1585,-104.863,912.769
351,78.9326,-104.39,913.185
352,78.6915,-104.104,913.466
353,78.4066,-103.667,914.217
354,78.1973,-103.62,914.745
355,77.9608,-103.239,915.62
356,77.7478,-102.961,916.665
357,77.5274,-102.7,917.754
358,77.3575,-102.452,919.007
359,77.0153,-102.077,920.313
360,76.8536,-101.908,921.737
361,76.5434,-101.618,923.327
362,76.4077,-101.262,925.021
363,76.158,-100.945,926.633
364,75.9247,-100.706,928.549
365,75.8097,-100.375,930.523
366,75.5765,-100.029,932.443
367,75.4027,-99.6966,934.609
368,75.1917,-99.3385,936.686
369,75.0785,-98.7097,938.775
370,75.032,-98.2236,941.139
371,74.83,-97.7095,943.297
372,74.7118,-97.4655,945.601
373,74.5504,-96.8281,948.063
374,74.4381,-96.5369,950.319
375,74.3629,-96.0299,952.838
376,74.2222,-95.6838,955.144
377,74.1257,-95.3115,957.599
378,74.0327,-94.8403,959.961
379,73.8535,-94.291,962.444
380,73.791,-93.9152,964.906
381,73.6121,-93.3697,967.266
382,73.5925,-92.9346,969.652
383,73.3321,-92.3223,972.188
384,73.3802,-91.8803,974.431
385,73.2087,-91.002,977.076
386,73.1537,-90.6613,979.379
387,73.0822,-90.0547,981.85
388,72.9463,-89.4898,984.192
389,72.8921,-89.1073,986.558
390,72.9003,-88.659,988.891
391,72.8559,-88.3699,991.14
392,72.8343,-87.8595,993.426
393,72.6779,-87.2157,995.842
394,72.6421,-86.7195,998.129
395,72.5513,-86.3295,1000.42
396,72.3656,-85.7941,1002.68
397,72.2888,-85.2123,1004.93
398,72.2018,-84.7547,1007.04
399,72.1493,-84.1825,1009.2
400,71.9078,-83.5318,1011.45
401,71.7815,-82.9295,1013.47
402,71.7579,-82.537,1015.46
403,71.5748,-81.7987,1017.58
404,71.6016,-81.1907,1019.66
405,71.5902,-80.792,1021.61
406,71.48,-80.303,1023.6
407,71.4661,-79.5508,1025.46
408,71.4282,-79.0299,1027.31
409,71.415,-78.4508,1029.26
410,71.3822,-77.906,1031.08
411,71.2906,-77.5895,1032.83
412,71.1577,-77.031,1034.76
413,71.1455,-76.5159,1036.42
414,70.9287,-76.0122,1038.22
415,70.8923,-75.6021,1039.97
416,70.7647,-74.8899,1041.75
417,70.7061,-74.3596,1043.34
418,70.6042,-73.7884,1045.04
419,70.5192,-73.0448,1046.68
420,70.3017,-72.4188,1048.35
421,70.1593,-71.9381,1049.95
422,70.0209,-71.4563,1051.48
423,70.0109,-70.8228,1053.02
424,69.9103,-70.3931,1054.5
425,69.8107,-69.9678,1055.99
426,69.7773,-69.3647,1057.5
427,69.6219,-68.8345,1059.01
428,69.4434,-68.1755,1060.6
429,69.3505,-67.5632,1061.92
430,69.1715,-67.1467,1063.41
431,69.0644,-66.5,1064.85
432,68.863,-65.9865,1066.39
433,68.9263,-65.5842,1067.56
434,68.8616,-65.0716,1068.96
435,68.717,-64.4334,1070.31
436,68.5815,-63.9365,1071.71
437,68.4321,-63.4906,1072.9
438,68.2792,-62.8847,1074.31
439,68.2052,-62.282,1075.59
440,68.0705,-61.776,1076.82
441,67.8911,-61.3816,1077.98
442,67.7183,-60.8417,1079.16
443,67.5816,-60.4468,1080.45
444,67.3457,-59.8539,1081.56
445,67.1135,-59.1406,1082.91
446,66.9056,-58.7791,1084.06
447,66.734,-58.3649,1085.17
448,66.6117,-57.7078,1086.46
449,66.4022,-57.262,1087.56
450,66.216,-56.8328,1088.71
451,66.1687,-56.3705,1089.91
452,66.2315,-55.9395,1091.02
453,66.1196,-55.5732,1092.05
454,66.1233,-54.828,1093.12
455,65.983,-54.2244,1094.34
456,65.8298,-53.7778,1095.42
457,65.8821,-53.3175,1096.39
458,65.7083,-52.6363,1097.59
459,65.4344,-52.1611,1098.73
460,65.2328,-51.6867,1099.72
461,65.0218,-51.3072,1100.73
462,65.0284,-50.7684,1101.74
463,64.7027,-50.3944,1102.7
464,64.4819,-49.9242,1103.64
465,64.3554,-49.3104,1104.6
466,64.1478,-48.9399,1105.61
467,64.1585,-48.4453,1106.39
468,64.0642,-48.0725,1107.27
469,63.9517,-47.5266,1108.27
470,63.8815,-47.2401,1109.06
471,63.659,-46.7931,1109.84
472,63.504,-46.186,1110.75
473,63.4491,-45.668,1111.54
474,63.3283,-45.1666,1112.31
475,63.1341,-44.7552,1113.23
476,63.1445,-44.2763,1113.86
477,62.8776,-43.8242,1114.7
478,62.7957,-43.4042,1115.39
479,62.6326,-42.9908,1116.18
480,62.5634,-42.5629,1117
481,62.389,-42.1086,1117.74
482,62.3375,-41.7455,1118.39
483,62.2682,-41.3598,1119.07
484,62.2516,-40.8168,1119.85
485,62.1283,-40.2482,1120.58
486,62.0871,-39.7684,1121.12
487,61.8992,-39.3364,1121.74
488,61.7135,-38.7139,1122.49
489,61.7224,-38.3721,1123.09
490,61.6677,-38.0043,1123.57
491,61.6511,-37.7548,1124.09
492,61.6061,-37.3313,1124.65
493,61.419,-36.7371,1125.33
494,61.3402,-36.2198,1125.9
495,61.2427,-35.814,1126.44
496,61.1163,-35.4175,1126.97
497,60.9886,-35.0639,1127.51
498,60.9066,-34.5877,1128.07
499,60.854,-34.2713,1128.51
500,60.7711,-33.853,1128.91
501,60.6344,-33.5027,1129.36
502,60.6068,-33.1265,1129.83
503,60.5984,-32.6714,1130.28
504,60.5581,-32.1235,1130.77
505,60.5621,-31.6474,1131.25
506,60.5533,-31.242,1131.69
507,60.4546,-30.8239,1132.05
508,60.3812,-30.4416,1132.47
509,60.3932,-30.0031,1132.85
510,60.3031,-29.7802,1133.14
511,60.1983,-29.3723,1133.49
512,60.0845,-28.8936,1133.83
513,60.0551,-28.3587,1134.18
514,59.8579,-27.8834,1134.6
515,59.8151,-27.3845,1134.94
516,59.8296,-26.9724,1135.21
517,59.7623,-26.562,1135.47
518,59.6994,-26.1816,1135.77
519,59.682,-25.7286,1136.03
520,59.6452,-25.2981,1136.35
521,59.5775,-24.926,1136.67
522,59.6108,-24.6467,1136.98
523,59.7066,-24.4205,1137.18
524,59.7389,-23.97,1137.36
525,59.7477,-23.6407,1137.59
526,59.7329,-23.1504,1137.79
527,59.6583,-22.7874,1138.07
528,59.6429,-22.3307,1138.28
529,59.685,-21.9922,1138.3
530,59.6475,-21.4788,1138.49
531,59.6311,-21.0197,1138.65
532,59.5955,-20.6109,1138.71
533,59.5636,-20.278,1138.8
534,59.4796,-19.898,1138.89
535,59.4386,-19.4981,1139.07
536,59.4406,-19.0328,1139.19
537,59.4055,-18.5164,1139.34
538,59.3856,-18.2161,1139.38
539,59.3609,-17.6777,1139.49
540,59.3094,-17.2687,1139.58
541,59.3341,-16.9752,1139.58
542,59.3494,-16.6671,1139.57
543,59.468,-16.3842,1139.45
544,59.3792,-15.9929,1139.68
545,59.4386,-15.5618,1139.63
546,59.4576,-15.2422,1139.68
547,59.4249,-14.8816,1139.77
548,59.4098,-14.5413,1139.79
549,59.4044,-14.2187,1139.83
550,59.4696,-13.998,1139.75
551,59.4977,-13.597,1139.78
552,59.4993,-13.2364,1139.8
553,59.5338,-12.7786,1139.84
554,59.6012,-12.3361,1139.86
555,59.7034,-11.9098,1139.83
556,59.7759,-11.4596,1139.71
557,59.8653,-11.0144,1139.72
558,59.8661,-10.4496,1139.73
559,59.8827,-10.2168,1139.63
560,59.9902,-9.91207,1139.57
561,60.0768,-9.59382,1139.53
562,60.1633,-9.36175,1139.53
563,60.21,-9.06454,1139.54
564,60.3242,-8.89069,1139.43
565,60.3577,-8.48302,1139.44
566,60.4016,-8.25384,1139.33
567,60.3916,-7.85247,1139.25
568,60.3384,-7.44431,1139.3
569,60.349,-7.06558,1139.22
570,60.3905,-6.68585,1139.15
571,60.4932,-6.35473,1139
572,60.5928,-5.94211,1138.85
573,60.5868,-5.49597,1138.81
574,60.597,-5.08,1138.72
575,60.6288,-4.80267,1138.61
576,60.6172,-4.56462,1138.5
577,60.569,-4.2473,1138.43
578,60.5447,-4.02025,1138.24
579,60.4922,-3.75133,1138.13
580,60.4955,-3.41615,1138.08
581,60.4868,-3.19008,1137.95
582,60.5368,-2.74612,1137.96
583,60.6223,-2.48973,1137.78
584,60.6941,-2.25901,1137.58
585,60.7059,-1.87157,1137.47
586,60.7793,-1.58305,1137.47
587,60.8131,-1.23993,1137.37
588,60.8011,-0.912622,1137.23
589,60.8805,-0.752349,1137.04
590,60.9047,-0.408312,1136.91
591,60.9139,-0.207826,1136.68
592,60.9245,0.0555041,1136.58
593,61.003,0.196655,1136.26
594,60.8918,0.421699,1136.05
595,60.826,0.61977,1135.93
596,60.7722,0.845263,1135.81
597,60.6987,1.16277,1135.82
598,60.6168,1.46968,1135.67
599,60.6517,1.75354,1135.53
600,60.6796,2.04683,1135.37
601,60.7265,2.24051,1135.22
602,60.8429,2.55561,1135.01
603,60.8978,2.71212,1134.84
604,60.9107,2.87918,1134.68
605,60.9059,3.02387,1134.52
606,60.9818,3.15136,1134.26
607,60.8927,3.30174,1134.07
608,60.8532,3.21602,1133.71
609,60.8499,3.53973,1133.65
610,60.7812,3.66121,1133.46
611,60.7088,3.96925,1133.33
612,60.5822,4.18308,1133.08
613,60.5158,4.47596,1132.96
614,60.4058,4.68555,1132.73
615,60.3921,4.93378,1132.53
616,60.249,5.10364,1132.32
617,60.248,5.32746,1132.14
618,60.2963,5.39621,1131.84
619,60.3539,5.43683,1131.53
620,60.3841,5.53137,1131.29
621,60.4574,5.62596,1131.05
622,60.5157,5.71939,1130.79
623,60.6174,5.86202,1130.55
624,60.6823,6.05844,1130.38
625,60.7236,6.17791,1130.17
626,60.7302,6.3178,1130.01
627,60.7065,6.37573,1129.77
628,60.6208,6.51736,1129.59
629,60.6014,6.51775,1129.37
630,60.533,6.73313,1129.23
631,60.4286,6.73086,1129.03
632,60.3043,6.92265,1129.04
633,60.213,6.95911,1129.02
634,60.1552,6.89432,1128.7
635,60.1184,6.85104,1128.55
636,60.045,6.97566,1128.52
637,60.0725,6.9989,1128.41
638,60.0701,6.99094,1128.22
639,60.1102,6.96028,1128.01
640,60.0853,7.0506,1127.99
641,60.1262,7.0774,1127.86
642,60.1793,6.98749,1127.66
643,60.188,7.04999,1127.55
644,60.2596,6.99758,1127.33
645,60.2351,7.02965,1127.26
646,60.1779,7.02659,1127.05
647,60.2631,7.16923,1127
648,60.3231,7.15526,1126.83
649,60.332,7.16947,1126.65
650,60.3582,7.23878,1126.61
651,60.3344,7.19918,1126.43
652,60.3598,7.22591,1126.39
653,60.3275,7.22825,1126.26
654,60.2978,7.20867,1126.13
655,60.2812,7.18017,1126.02
656,60.2345,7.09053,1125.89
657,60.1459,7.0032,1125.75
658,60.1402,6.83868,1125.62
659,60.046,6.73651,1125.45
660,60.0509,6.70315,1125.41
661,60.0312,6.66231,1125.23
662,60.0234,6.61782,1125.25
663,59.9978,6.54846,1125.11
664,59.8768,6.49318,1125.06
665,59.9167,6.42175,1125
666,59.9493,6.43837,1124.9
667,59.9269,6.41819,1124.89
668,59.8554,6.43767,1124.87
669,59.9389,6.38063,1124.81
670,59.9981,6.32421,1124.77
671,59.9071,6.21752,1124.74
672,60.0395,6.19457,1124.63
673,60.0655,6.1396,1124.6
674,60.1025,6.10084,1124.52
675,60.1516,5.93596,1124.48
676,60.196,5.70183,1124.43
677,60.2489,5.51484,1124.41
678,60.2318,5.33092,1124.28
679,60.2715,5.1342,1124.1
680,60.2448,5.09145,1124.1
681,60.2516,4.90368,1123.96
682,60.2541,4.8455,1123.86
683,60.2534,4.69279,1123.71
684,60.2236,4.66462,1123.58
685,60.2549,4.68653,1123.56
686,60.292,4.51476,1123.35
687,60.216,4.53815,1123.33
688,60.2005,4.3769,1123.15
689,60.1182,4.35887,1123.1
690,60.0608,4.3023,1123.06
691,60.0755,3.99978,1122.84
692,60.1068,3.96763,1122.68
693,60.122,3.78102,1122.49
694,60.1204,3.66383,1122.4
695,60.1272,3.53338,1122.18
696,60.164,3.33222,1122.03
697,60.1844,3.12182,1121.88
698,60.1857,2.96063,1121.69
699,60.2222,2.80466,1121.47
700,60.2568,2.69606,1121.24
701,60.2778,2.53416,1121.01
702,60.2333,2.42828,1120.79
703,60.1919,2.31576,1120.58
704,60.1615,2.13843,1120.41
705,60.0909,2.05976,1120.22
706,60.085,1.96035,1120.04
707,59.961,1.94443,1119.91
708,59.8868,1.74813,1119.64
709,59.793,1.62069,1119.42
710,59.5756,1.61405,1119.31
711,59.5915,1.44914,1119.07
712,59.6435,1.30648,1118.86
713,59.616,1.21083,1118.66
714,59.7076,1.10308,1118.48
715,59.7386,1.01615,1118.34
716,59.7519,1.08388,1118.18
717,59.8092,0.844123,1117.88
718,59.8191,0.665442,1117.66
719,59.8493,0.542721,1117.44
720,59.8268,0.433754,1117.24
721,59.8215,0.23347,1117.02
722,59.7242,0.10059,1116.89
723,59.6364,-0.0906679,1116.73
724,59.6169,-0.278891,1116.52
725,59.4973,-0.483908,1116.4
726,59.4852,-0.654366,1116.19
727,59.4032,-0.824603,1116.09
728,59.4149,-0.907228,1115.95
729,59.2827,-0.928799,1115.86
730,59.2025,-1.06652,1115.76
731,59.1386,-1.33022,1115.54
732,59.0767,-1.42697,1115.46
733,59.0492,-1.54985,1115.3
734,59.0074,-1.59488,1115.27
735,58.9901,-1.59653,1115.19
736,58.842,-1.57422,1115.13
737,58.8079,-1.73648,1114.93
738,58.8327,-1.7581,1114.93
739,58.7157,-1.79567,1114.85
740,58.5698,-1.76088,1114.9
741,58.5147,-1.98546,1114.75
742,58.3913,-1.99513,1114.69
743,58.3396,-2.20741,1114.55
744,58.1405,-2.18339,1114.46
745,58.0401,-2.12479,1114.42
746,57.8034,-2.01067,1114.39
747,57.3438,-1.77273,1114.47
748,56.4824,-1.14006,1114.58
749,55.4159,-0.274969,1114.98
750,54.0221,0.773477,1115.21
751,52.4184,2.03302,1115.49
752,50.587,3.32053,1115.74
753,48.5688,4.7391,1116.12
754,46.5579,6.16492,1116.51
755,44.503,7.51815,1117.04
756,42.5419,8.90657,1117.53
757,40.533,10.0844,1118.29
758,38.735,11.2062,1119.06
759,36.9383,12.1795,1119.88
760,35.254,12.9689,1120.81
761,33.7589,13.7687,1121.64
762,32.1218,14.6925,1122.84
763,30.6734,15.5629,1123.87
764,29.0628,16.6954,1125.19
765,27.613,17.6829,1125.99
766,25.7804,18.9835,1127.18
767,23.9546,20.406,1128.23
768,21.9799,21.9444,1129.28
769,19.7838,23.7716,1130.33
770,17.5139,25.2959,1131.22
771,14.8432,27.4021,1132.34
772,12.2648,29.1474,1133.12
773,9.29123,31.3598,1133.94
774,6.34512,33.3755,1134.56
775,3.14241,35.5215,1135.36
776,-0.205653,37.634,1136.27
777,-3.40597,39.6471,1136.66
778,-6.88276,41.9499,1137.3
779,-10.3912,44.3448,1137.86
780,-13.9339,46.8266,1138.37
781,-17.6143,49.1276,1138.7
782,-21.2961,51.637,1138.97
783,-25.1495,54.4064,1139.39
784,-28.8165,56.8289,1139.55
785,-32.8606,59.8999,1139.92
786,-37.0602,62.677,1140.09
787,-41.1287,65.4806,1140.07
788,-45.5637,68.4809,1140.2
789,-49.8432,71.5675,1140.2
790,-54.1681,74.4018,1140.09
791,-58.8254,77.5426,1140.04
792,-63.3736,80.4094,1140.07
793,-68.1073,83.6393,1139.87
794,-72.9277,86.622,1139.6
795,-77.6721,89.959,1139.57
796,-82.4331,93.0417,1139.15
797,-87.326,96.3349,1138.7
798,-92.4615,99.864,1138.56
799,-97.4139,103.241,1138.14
800,-102.674,106.823,1137.98
801,-107.926,110.191,1137.51
802,-113.169,113.853,1137.19
803,-118.489,117.004,1136.6
804,-124.02,120.83,1136.39
805,-129.378,124.525,1135.89
806,-134.988,128.047,1135.46
807,-140.636,131.95,1135.08
808,-146.119,135.343,1134.52
809,-151.884,139.192,1134.17
810,-157.526,142.684,1133.59
811,-163.401,146.45,1133.26
812,-169.101,150.119,1132.87
813,-174.981,153.882,1132.46
814,-180.661,157.252,1131.86
815,-186.61,161.183,1131.46
816,-192.388,164.738,1130.97
817,-198.434,168.505,1130.56
818,-204.557,172.225,1130.3
819,-210.685,176.153,1129.85
820,-216.707,180.027,1129.43
821,-222.832,183.565,1128.9
822,-228.89,187.464,1128.54
823,-235.196,191.296,1128.26
824,-241.292,195.193,1127.72
825,-247.51,198.98,1127.44
826,-253.777,202.979,1127.15
827,-260.006,206.769,1126.72
828,-266.13,210.609,1126.24
829,-272.551,214.58,1126.14
830,-278.805,218.213,1125.66
831,-285.074,222.103,1125.37
832,-291.266,225.666,1124.94
833,-297.66,229.714,1124.78
834,-303.884,233.282,1124.24
835,-310.124,236.759,1123.86
836,-316.571,240.649,1123.79
837,-323.039,244.451,1123.35
838,-329.402,248.369,1123.05
839,-335.81,251.909,1122.65
840,-342.072,255.712,1122.2
841,-348.503,259.196,1121.86
842,-354.98,263.15,1121.55
843,-361.333,266.956,1121.35
844,-367.759,270.64,1121.03
845,-374.118,274.317,1120.68
846,-380.518,278.255,1120.49
847,-387.062,282.152,1120.24
848,-393.452,285.785,1120.02
849,-399.886,289.592,1119.82
850,-406.304,293.196,1119.5
851,-412.585,296.852,1119.41
852,-419.151,300.527,1119.14
853,-425.386,304.071,1118.85
854,-431.87,307.853,1118.66
855,-438.054,311.213,1118.35
856,-444.418,314.918,1118.26
857,-450.606,318.261,1117.78
858,-457.072,322.088,1117.9
859,-463.366,325.462,1117.62
860,-469.689,329.028,1117.38
861,-475.854,332.385,1117
862,-482.171,335.947,1116.82
863,-488.352,339.544,1116.75
864,-494.514,342.942,1116.51
865,-500.924,346.854,1116.8
866,-507.064,350.249,1116.55
867,-513.22,353.635,1116.55
868,-519.374,356.828,1116.18
869,-525.467,360.533,1116.18
870,-531.605,363.735,1115.97
871,-537.643,367.111,1115.94
872,-543.686,370.457,1115.79
873,-549.589,373.915,1115.66
874,-555.573,377.292,1115.57
875,-561.58,380.684,1115.44
876,-567.563,383.955,1115.25
877,-573.434,387.173,1115.16
878,-579.33,390.633,1115.08
879,-585.12,393.784,1114.9
880,-590.885,396.872,1114.75
881,-596.676,400.267,1114.67
882,-602.437,403.332,1114.43
883,-608.16,406.575,1114.4
884,-613.728,409.507,1114.03
885,-619.277,412.517,1113.82
886,-625.021,415.975,1113.92
887,-630.537,419.035,1113.83
888,-635.649,421.777,1113.31
889,-641.121,424.869,1113.17
890,-646.613,427.987,1113
891,-652.042,431.019,1112.8
892,-657.392,434.088,1112.71
893,-662.792,437.095,1112.56
894,-668.127,440.068,1112.44
895,-673.377,443.15,1112.22
896,-678.681,445.946,1112.14
897,-683.85,448.923,1111.98
898,-688.971,451.746,1111.78
899,-694.139,454.748,1111.79
900,-699.163,457.713,1111.67
901,-704.213,460.412,1111.48
902,-709.275,463.333,1111.35
903,-714.126,466.263,1111.13
904,-719.155,468.929,1110.92
905,-724.049,471.704,1110.79
906,-728.799,474.436,1110.62
907,-733.676,477.106,1110.39
908,-738.44,479.736,1110.24
909,-743.105,482.4,1110.06
910,-747.854,485.102,1109.9
911,-752.448,487.692,1109.76
912,-757.048,490.244,1109.55
913,-761.574,492.977,1109.53
914,-766.139,495.429,1109.25
915,-770.554,497.78,1108.97
916,-774.939,500.342,1108.79
917,-779.362,503.042,1108.8
918,-783.625,505.478,1108.64
919,-787.8,508.006,1108.51
920,-792.031,510.557,1108.4
921,-796.244,512.742,1108.08
922,-800.379,515.216,1107.94
923,-804.472,517.77,1107.88
924,-808.596,520.013,1107.55
925,-812.666,522.41,1107.43
926,-816.652,524.749,1107.17
927,-820.52,527.118,1107.12
928,-824.519,529.299,1106.91
929,-828.298,531.558,1106.66
930,-832.176,533.589,1106.37
931,-835.969,535.859,1106.27
932,-839.679,537.904,1106.08
933,-843.302,540.078,1105.93
934,-846.859,542.065,1105.61
935,-850.396,544.174,1105.37
936,-853.882,546.414,1105.34
937,-857.379,548.461,1105.09
938,-860.83,550.556,1104.9
939,-864.234,552.474,1104.69
940,-867.53,554.566,1104.51
941,-870.786,556.3,1104.03
942,-874.093,558.569,1104.02
943,-877.354,560.618,1103.81
944,-880.534,562.327,1103.33
945,-883.673,564.523,1103.29
946,-886.778,566.422,1103.06
947,-889.836,568.189,1102.85
948,-892.909,570.059,1102.7
949,-895.933,571.775,1102.36
950,-898.894,573.674,1102.28
951,-901.78,575.511,1102.13
952,-904.616,577.088,1101.92
953,-907.356,578.721,1101.63
954,-910.166,580.301,1101.44
955,-912.866,582.153,1101.28
956,-915.516,583.712,1100.99
957,-918.339,585.574,1100.93
958,-920.873,587.168,1100.69
959,-923.355,588.896,1100.57
960,-925.911,590.384,1100.27
961,-928.312,592.005,1100.06
962,-930.837,593.605,1099.82
963,-933.265,595.204,1099.66
964,-935.76,596.583,1099.28
965,-938.15,598.202,1099.21
966,-940.414,599.555,1098.89
967,-942.623,601.108,1098.77
968,-944.837,602.602,1098.53
969,-947.022,604.049,1098.33
970,-949.241,605.6,1098.23
971,-951.324,606.719,1097.82
972,-953.406,607.981,1097.51
973,-955.537,609.206,1097.31
974,-957.516,610.44,1097.02
975,-959.429,611.631,1096.75
976,-961.26,613.031,1096.6
977,-963.12,614.245,1096.36
978,-965.01,615.44,1096.08
979,-966.755,616.685,1095.93
980,-968.66,617.88,1095.64
981,-970.314,619.115,1095.37
982,-971.624,619.737,1094.44
983,-973.358,620.831,1094.2
984,-975.109,622.224,1094.1
985,-976.927,623.878,1094.35
986,-978.513,624.922,1094.07
987,-980.016,625.887,1093.77
988,-981.383,626.789,1093.29
989,-982.904,627.748,1092.94
990,-984.337,628.728,1092.74
991,-985.822,629.726,1092.42
992,-987.381,630.752,1092.26
993,-988.683,631.448,1091.87
994,-990.037,632.133,1091.43
995,-991.308,633.172,1091.27
996,-992.7,634.245,1091.16
997,-994.171,635.319,1091.09
998,-995.061,635.538,1090.2
999,-996.394,636.525,1090.09
1000,-997.518,637.346,1089.77
1001,-998.599,638.239,1089.54
1002,-999.647,639.165,1089.28
1003,-1000.68,639.794,1088.93
1004,-1001.74,640.701,1088.73
1005,-1002.68,641.403,1088.48
1006,-1003.54,642.048,1088.18
1007,-1004.47,642.741,1088.08
1008,-1005.4,643.341,1087.83
1009,-1006.37,643.844,1087.49
1010,-1007.31,644.444,1087.28
1011,-1008.16,645.139,1087.09
1012,-1009.26,646.138,1087.36
1013,-1010.06,646.679,1087.21
1014,-1010.89,647.188,1086.99
1015,-1011.58,647.817,1086.84
1016,-1012.31,648.482,1086.67
1017,-1013.05,649.155,1086.43
1018,-1013.76,649.691,1086.22
1019,-1014.31,650.161,1086.01
1020,-1015.01,650.726,1085.89
1021,-1015.5,651.18,1085.71
1022,-1016.05,651.599,1085.48
1023,-1016.55,651.988,1085.31
1024,-1017.07,652.38,1085.14
1025,-1017.54,652.753,1084.98
1026,-1018.09,652.988,1084.75
1027,-1018.56,653.313,1084.55
1028,-1018.97,653.725,1084.42
1029,-1019.37,654.013,1084.24
1030,-1019.78,654.249,1083.99
1031,-1020.17,654.485,1083.77
1032,-1020.47,654.707,1083.59
1033,-1020.78,654.981,1083.33
1034,-1021.1,655.241,1082.97
1035,-1021.41,655.457,1082.66
1036,-1021.6,655.849,1082.46
1037,-1021.69,655.973,1082
1038,-1021.81,656.241,1081.81
1039,-1022.1,656.357,1081.45
1040,-1022.17,656.344,1080.98
1041,-1022.3,656.483,1080.66
1042,-1022.33,656.647,1080.4
1043,-1022.47,656.695,1080.03
1044,-1022.55,656.898,1079.78
1045,-1022.68,657.255,1079.8
1046,-1022.82,657.402,1079.48
1047,-1022.89,657.545,1079.17
1048,-1022.89,657.43,1078.74
1049,-1022.91,657.485,1078.44
1050,-1023.01,657.433,1078.05
1051,-1023.05,657.455,1077.75
1052,-1022.99,657.552,1077.54
1053,-1022.85,657.351,1076.96
1054,-1022.76,657.246,1076.62
1055,-1022.67,657.296,1076.27
1056,-1022.55,657.387,1076.06
1057,-1022.41,657.44,1075.87
1058,-1022.19,657.389,1075.54
1059,-1022.01,657.341,1075.29
1060,-1021.82,657.293,1075
1061,-1021.59,657.143,1074.69
1062,-1021.37,657.05,1074.4
1063,-1021.18,656.955,1074.1
1064,-1020.97,656.85,1073.85
1065,-1020.65,656.696,1073.58
1066,-1020.42,656.576,1073.34
1067,-1020.06,656.22,1072.97
1068,-1019.82,656.088,1072.68
1069,-1019.51,655.791,1072.33
1070,-1019.17,655.588,1072.07
1071,-1018.78,655.253,1071.72
1072,-1018.5,655.023,1071.47
1073,-1018.11,654.896,1071.36
1074,-1017.78,654.736,1071.15
1075,-1017.49,654.772,1071.13
1076,-1017.1,654.597,1070.94
1077,-1016.73,654.424,1070.78
1078,-1016.31,654.284,1070.63
1079,-1015.88,654.039,1070.41
1080,-1015.5,653.775,1070.23
1081,-1015.07,653.457,1070
1082,-1014.66,653.113,1069.77
1083,-1014.29,652.919,1069.66
1084,-1013.83,652.562,1069.37
1085,-1013.36,652.301,1069.24
1086,-1012.84,651.961,1069.04
1087,-1012.31,651.649,1068.92
1088,-1011.78,651.348,1068.74
1089,-1011.32,651.086,1068.6
1090,-1010.83,650.805,1068.42
1091,-1010.4,650.508,1068.3
1092,-1009.88,650.214,1068.17
1093,-1009.28,649.972,1068.03
1094,-1008.75,649.646,1067.86
1095,-1008.21,649.364,1067.78
1096,-1007.65,649.26,1067.77
1097,-1007.13,648.953,1067.63
1098,-1006.65,648.634,1067.47
1099,-1006.13,648.168,1067.26
1100,-1005.67,647.931,1067.22
1101,-1005.17,647.522,1067.06
1102,-1004.61,646.653,1066.45
1103,-1004.12,646.264,1066.28
1104,-1003.65,646.069,1066.25
1105,-1003.11,645.733,1066.04
1106,-1002.56,645.252,1065.86
1107,-1001.99,644.897,1065.7
1108,-1001.44,644.57,1065.51
1109,-1000.88,644.145,1065.23
1110,-1000.39,643.731,1065.05
1111,-1000.07,643.787,1065.37
1112,-999.402,643.364,1065.15
1113,-998.906,642.85,1064.88
1114,-998.356,642.514,1064.78
1115,-997.814,642.183,1064.6
1116,-997.301,641.848,1064.45
1117,-996.852,641.524,1064.3
1118,-996.343,641.142,1064.18
1119,-995.763,640.665,1064
1120,-995.213,640.254,1063.82
1121,-994.701,639.65,1063.49
1122,-994.15,639.219,1063.36
1123,-993.672,638.87,1063.25
1124,-993.226,638.602,1063.29
1125,-992.701,638.068,1063.13
1126,-992.193,637.649,1063.04
1127,-991.677,637.172,1062.9
1128,-991.198,636.926,1062.95
1129,-990.621,636.222,1062.64
1130,-990.196,635.763,1062.5
1131,-989.604,635.388,1062.47
1132,-989.102,634.908,1062.43
1133,-988.621,634.458,1062.32
1134,-988.211,634.156,1062.32
1135,-987.8,633.925,1062.48
1136,-987.391,633.372,1062.36
1137,-986.921,632.863,1062.28
1138,-986.409,632.364,1062.23
1139,-985.874,631.919,1062.2
1140,-985.276,631.599,1062.24
1141,-984.818,631.008,1062.08
1142,-984.267,630.625,1062.08
1143,-983.899,630.223,1062.11
1144,-983.361,629.718,1062.05
1145,-982.875,629.248,1062.06
1146,-982.397,628.732,1062.03
1147,-981.902,628.328,1062.04
1148,-981.391,627.971,1062.09
1149,-980.965,627.311,1061.85
1150,-980.546,627.109,1062.11
1151,-980.119,626.676,1062.15
1152,-979.723,626.291,1062.25
1153,-979.308,625.796,1062.27
1154,-978.927,625.279,1062.28
1155,-978.499,624.8,1062.24
1156,-977.94,624.151,1062.15
1157,-977.471,623.368,1061.91
1158,-977.02,623.159,1062.14
1159,-976.59,622.611,1062.1
1160,-976.115,622.147,1062.08
1161,-975.66,621.879,1062.26
1162,-975.205,621.404,1062.27
1163,-974.684,620.922,1062.24
1164,-974.173,620.438,1062.21
1165,-973.766,620.176,1062.27
1166,-973.336,619.658,1062.17
1167,-972.913,619.353,1062.16
1168,-972.508,618.941,1062.14
1169,-972.082,618.511,1062.1
1170,-971.684,617.949,1062.03
1171,-971.29,617.45,1062.02
1172,-970.864,616.865,1061.87
1173,-970.478,616.406,1061.85
1174,-970.136,615.886,1061.76
1175,-969.686,615.34,1061.61
1176,-969.34,615.038,1061.71
1177,-968.861,614.638,1061.69
1178,-968.499,614.144,1061.65
1179,-968.156,613.694,1061.57
1180,-967.825,613.29,1061.56
1181,-967.417,612.804,1061.5
1182,-966.945,612.33,1061.44
1183,-966.521,611.749,1061.39
1184,-966.066,611.27,1061.38
1185,-965.706,610.813,1061.32
1186,-965.425,610.306,1061.23
1187,-965.067,609.961,1061.23
1188,-964.756,609.348,1061.03
1189,-964.429,609.174,1061.14
1190,-964.062,608.737,1061.05
1191,-963.763,608.375,1061
1192,-963.508,608.043,1061.01
1193,-963.248,607.716,1061
1194,-962.929,607.391,1061.02
1195,-962.63,606.938,1061.04
1196,-962.323,606.434,1061.01
1197,-962.019,606.007,1061.01
1198,-961.716,605.581,1061.02
1199,-961.398,605.175,1061.06
1200,-961.054,604.758,1061.07
1201,-960.805,604.306,1061.06
1202,-960.582,603.878,1061.11
1203,-960.354,603.467,1061.21
1204,-960.174,603.001,1061.24
1205,-959.954,602.678,1061.31
1206,-959.79,602.293,1061.37
1207,-959.621,601.945,1061.45
1208,-959.44,601.542,1061.49
1209,-959.214,601.227,1061.56
1210,-959.013,600.872,1061.61
1211,-958.807,600.464,1061.63
1212,-958.693,600.12,1061.73
1213,-958.57,599.735,1061.8
1214,-958.448,599.309,1061.83
1215,-958.284,598.81,1061.84
1216,-958.15,598.377,1061.9
1217,-958.074,597.996,1062.02
1218,-957.976,597.488,1062.01
1219,-957.803,597.202,1062.13
1220,-957.722,596.801,1062.23
1221,-957.631,596.376,1062.29
1222,-957.537,596.084,1062.44
1223,-957.569,595.789,1062.56
1224,-957.52,595.421,1062.62
1225,-957.459,595.074,1062.68
1226,-957.384,594.733,1062.76
1227,-957.24,594.508,1062.88
1228,-957.247,594.179,1062.98
1229,-957.293,593.868,1063.07
1230,-957.185,593.555,1063.03
1231,-957.111,593.129,1062.94
1232,-957.105,592.802,1062.99
1233,-957.123,592.423,1063
1234,-957.127,592.053,1063.02
1235,-957.12,591.716,1063
1236,-957.129,591.425,1063
1237,-957.212,591.093,1062.99
1238,-957.334,590.783,1063.02
1239,-957.411,590.495,1062.98
1240,-957.556,590.254,1063.05
1241,-957.646,589.87,1062.99
1242,-957.717,589.524,1062.87
1243,-957.768,589.221,1062.83
1244,-957.838,588.903,1062.78
1245,-957.896,588.627,1062.7
1246,-957.907,588.286,1062.64
1247,-958.016,588.09,1062.58
1248,-958.086,587.892,1062.51
1249,-958.009,587.605,1062.26
1250,-958.133,587.545,1062.29
1251,-958.212,587.296,1062.14
1252,-958.269,587.076,1062.1
1253,-958.343,586.949,1062.08
1254,-958.447,586.751,1062
1255,-958.562,586.625,1061.92
1256,-958.721,586.451,1061.85
1257,-958.85,586.267,1061.74
1258,-959.05,586.179,1061.7
1259,-959.185,586.081,1061.63
1260,-959.307,585.952,1061.48
1261,-959.459,585.945,1061.37
1262,-959.704,586.044,1061.32
1263,-959.91,586.056,1061.28
1264,-960.09,586.033,1061.19
1265,-960.25,586.028,1061.08
1266,-960.426,586.057,1060.97
1267,-960.602,586.146,1060.88
1268,-960.721,586.253,1060.79
1269,-960.888,586.381,1060.71
1270,-961.035,586.588,1060.66
1271,-961.282,586.67,1060.52
1272,-961.458,586.804,1060.42
1273,-961.602,587.004,1060.33
1274,-961.795,587.15,1060.22
1275,-961.982,587.324,1060.15
1276,-962.165,587.558,1060.08
1277,-962.271,587.713,1059.97
1278,-962.443,588.014,1059.9
1279,-962.721,588.429,1059.82
1280,-962.944,588.855,1059.75
1281,-963.183,589.344,1059.67
1282,-963.46,589.785,1059.59
1283,-963.698,590.29,1059.53
1284,-963.973,590.797,1059.49
1285,-964.24,591.304,1059.42
1286,-964.477,591.862,1059.34
1287,-964.745,592.478,1059.23
1288,-964.995,593.143,1059.16
1289,-965.27,593.833,1059.1
1290,-965.554,594.566,1059.01
1291,-965.832,595.307,1058.88
1292,-966.08,596.149,1058.83
1293,-966.37,596.881,1058.71
1294,-966.632,597.597,1058.56
1295,-966.827,598.533,1058.57
1296,-967.141,599.494,1058.57
1297,-967.388,600.38,1058.55
1298,-967.664,601.364,1058.5
1299,-967.975,602.332,1058.46
1300,-968.327,603.361,1058.44
1301,-968.635,604.439,1058.42
1302,-968.927,605.512,1058.37
1303,-969.321,606.672,1058.48
1304,-969.566,607.632,1058.23
1305,-969.869,608.882,1058.21
1306,-970.134,610.123,1058.16
1307,-970.434,611.481,1058.07
1308,-970.855,612.765,1058.01
1309,-971.13,614.195,1057.91
1310,-971.46,615.659,1057.79
1311,-971.778,617.255,1057.72
1312,-972.123,618.779,1057.61
1313,-972.393,620.372,1057.52
1314,-972.69,621.888,1057.39
1315,-973.049,623.695,1057.43
1316,-973.303,625.1,1057.11
1317,-973.674,626.733,1056.98
1318,-974.057,628.243,1056.86
1319,-974.343,629.888,1056.72
1320,-974.638,631.638,1056.54
1321,-974.939,633.436,1056.48
1322,-975.228,635.105,1056.23
1323,-975.591,637.025,1056.11
1324,-975.93,638.744,1055.99
1325,-976.197,640.524,1055.74
1326,-976.434,642.37,1055.5
1327,-976.724,644.202,1055.17
1328,-977.088,646.415,1055.08
1329,-977.441,648.68,1054.96
1330,-977.671,650.716,1054.65
1331,-978.159,653.082,1054.65
1332,-978.542,655.358,1054.39
1333,-978.876,657.598,1054.15
1334,-979.222,659.789,1053.82
1335,-979.487,661.943,1053.38
1336,-979.865,664.304,1053.31
1337,-980.15,666.776,1053.1
1338,-980.486,669.098,1052.98
1339,-980.777,671.411,1052.59
1340,-981.043,673.967,1052.54
1341,-981.328,676.464,1052.31
1342,-981.602,679.017,1052.18
1343,-981.875,681.481,1051.94
1344,-982.158,684.016,1051.75
1345,-982.392,686.578,1051.61
1346,-982.734,689.185,1051.4
1347,-983.044,691.824,1051.17
1348,-983.427,694.673,1051.17
1349,-983.654,697.474,1050.99
1350,-984.067,700.217,1050.84
1351,-984.303,703.109,1050.73
1352,-984.615,705.783,1050.39
1353,-984.801,708.436,1049.98
1354,-985.006,711.345,1049.85
1355,-985.359,714.398,1049.89
1356,-985.585,717.246,1049.69
1357,-985.888,720.334,1049.64
1358,-986.189,723.414,1049.46
1359,-986.365,726.391,1049.22
1360,-986.683,729.485,1049.01
1361,-986.951,732.798,1048.99
1362,-987.219,736.117,1048.95
1363,-987.477,739.042,1048.64
1364,-987.749,742.32,1048.57
1365,-988.03,745.48,1048.43
1366,-988.418,749.019,1048.53
1367,-988.714,752.238,1048.45
1368,-988.943,755.594,1048.26
1369,-989.114,758.685,1047.81
1370,-989.302,762.245,1047.77
1371,-989.569,765.702,1047.61
1372,-989.797,769.217,1047.49
1373,-990.024,772.73,1047.38
1374,-990.238,776.106,1047.16
1375,-990.41,779.59,1047.1
1376,-990.701,783.174,1047
1377,-990.978,786.672,1046.86
1378,-991.225,790.382,1046.88
1379,-991.437,794.023,1046.74
1380,-991.689,797.575,1046.59
1381,-991.879,801.279,1046.39
1382,-992.075,804.938,1046.03
1383,-992.336,808.743,1045.84
1384,-992.661,812.624,1045.75
1385,-992.793,816.346,1045.55
1386,-993.005,820.007,1045.29
1387,-993.221,823.845,1044.97
1388,-993.433,827.828,1044.88
1389,-993.666,831.8,1044.77
1390,-993.821,835.683,1044.55
1391,-993.996,839.54,1044.29
1392,-994.105,843.533,1044.03
1393,-994.218,847.674,1043.98
1394,-994.352,851.672,1043.69
1395,-994.547,855.961,1043.7
1396,-994.68,859.992,1043.45
1397,-994.848,864.166,1043.33
1398,-995.041,868.199,1043.13
1399,-995.277,872.609,1043.14
1400,-995.428,876.782,1042.82
1401,-995.595,880.99,1042.62
1402,-995.805,885.177,1042.46
1403,-995.994,889.452,1042.32
1404,-996.114,893.704,1042.19
1405,-996.142,897.658,1041.78
1406,-996.228,902.027,1041.63
1407,-996.331,906.298,1041.44
1408,-996.542,910.748,1041.43
1409,-996.612,915.091,1041.19
1410,-996.736,919.563,1041.07
1411,-996.731,923.636,1040.67
1412,-996.808,928.286,1040.62
1413,-996.981,932.76,1040.52
1414,-997.057,937.288,1040.32
1415,-997.203,941.708,1040.24
1416,-997.328,946.177,1040.09
1417,-997.435,950.662,1039.95
1418,-997.604,955.285,1039.92
1419,-997.727,959.938,1039.82
1420,-997.766,964.392,1039.42
1421,-997.878,968.99,1039.29
1422,-997.965,973.726,1039.26
1423,-997.958,978.35,1039.16
1424,-997.882,983.039,1039.01
1425,-997.857,987.82,1038.96
1426,-997.812,992.362,1038.83
1427,-997.866,997.174,1038.97
1428,-997.853,1001.74,1038.82
1429,-997.882,1006.5,1038.8
1430,-997.898,1011.22,1038.79
1431,-997.983,1015.96,1038.7
1432,-997.987,1020.72,1038.52
1433,-997.971,1025.6,1038.57
1434,-997.914,1030.37,1038.41
1435,-997.901,1035.2,1038.38
1436,-997.818,1040.03,1038.37
1437,-997.774,1044.97,1038.42
1438,-997.684,1049.73,1038.28
1439,-997.619,1054.68,1038.21
1440,-997.468,1059.69,1038.18
1441,-997.396,1064.68,1038.16
1442,-997.314,1069.66,1038.14
1443,-997.279,1074.53,1038.01
1444,-997.183,1079.48,1037.97
1445,-997.138,1084.35,1037.85
1446,-997.241,1089.4,1037.95
1447,-997.192,1094.2,1037.78
1448,-997.212,1099.12,1037.72
1449,-997.116,1104.04,1037.64
1450,-997.126,1108.96,1037.5
1451,-997.055,1113.82,1037.4
1452,-996.91,1118.6,1037.15
1453,-996.915,1123.64,1037.23
1454,-996.791,1128.42,1037.06
1455,-996.698,1133.29,1037.01
1456,-996.69,1138.19,1037.01
1457,-996.461,1143.04,1036.7
1458,-996.363,1148,1036.67
1459,-996.173,1152.83,1036.47
1460,-996.076,1157.74,1036.42
1461,-995.818,1162.5,1036.08
1462,-995.715,1167.45,1036.01
1463,-995.545,1172.33,1035.88
1464,-995.342,1177.3,1035.81
1465,-995.271,1182.24,1035.74
1466,-995.157,1187.09,1035.63
1467,-995.01,1191.86,1035.52
1468,-994.855,1196.67,1035.45
1469,-994.759,1201.49,1035.3
1470,-994.648,1206.27,1035.26
1471,-994.522,1211.07,1035.32
1472,-994.342,1215.8,1035.24
1473,-994.172,1220.43,1035.12
1474,-994.105,1225.37,1035.37
1475,-993.801,1229.91,1035.12
1476,-993.535,1234.59,1034.99
1477,-993.311,1239.25,1034.95
1478,-993.127,1243.95,1034.94
1479,-992.899,1248.51,1034.9
1480,-992.687,1253.12,1034.87
1481,-992.502,1257.74,1034.85
1482,-992.244,1262.42,1034.86
1483,-992.057,1266.89,1034.79
1484,-991.814,1271.49,1034.78
1485,-991.657,1276.04,1034.83
1486,-991.395,1280.5,1034.71
1487,-991.11,1285,1034.73
1488,-990.866,1289.49,1034.73
1489,-990.635,1293.9,1034.71
1490,-990.389,1298.25,1034.72
1491,-990.15,1302.75,1034.79
1492,-989.92,1307.02,1034.81
1493,-989.678,1311.31,1034.87
1494,-989.419,1315.5,1034.8
1495,-989.199,1319.81,1034.88
1496,-989.043,1324.05,1034.97
1497,-988.824,1328.2,1034.98
1498,-988.538,1332.39,1034.88
1499,-988.362,1336.59,1035.06
1500,-988.057,1340.6,1035
1501,-987.761,1344.65,1035.02
1502,-987.451,1348.72,1035.05
1503,-987.143,1352.66,1035.05
1504,-986.871,1356.68,1035.15
1505,-986.522,1360.6,1035.12
1506,-986.214,1364.51,1035.07
1507,-985.999,1368.45,1035.13
1508,-985.656,1372.45,1035.13
1509,-985.374,1376.37,1035.19
1510,-985.116,1380.22,1035.28
1511,-984.87,1384.05,1035.32
1512,-984.562,1387.8,1035.28
1513,-984.239,1391.26,1035.11
1514,-983.987,1394.97,1035.25
1515,-983.76,1398.53,1035.24
1516,-983.473,1402.15,1035.31
1517,-983.27,1405.73,1035.4
1518,-982.914,1409.34,1035.39
1519,-982.643,1412.85,1035.46
1520,-982.298,1416.22,1035.3
1521,-982.03,1419.91,1035.48
1522,-981.714,1423.3,1035.48
1523,-981.436,1426.79,1035.55
1524,-981.154,1430.02,1035.46
1525,-980.898,1433.38,1035.55
1526,-980.661,1436.61,1035.6
1527,-980.377,1439.78,1035.54
1528,-980.11,1443.05,1035.54
1529,-979.844,1446.15,1035.45
1530,-979.701,1449.46,1035.59
1531,-979.454,1452.65,1035.63
1532,-979.22,1455.74,1035.66
1533,-978.919,1458.73,1035.62
1534,-978.671,1461.91,1035.67
1535,-978.386,1464.89,1035.56
1536,-978.012,1467.87,1035.47
1537,-977.704,1470.86,1035.52
1538,-977.434,1473.65,1035.4
1539,-977.115,1476.6,1035.49
1540,-976.812,1479.35,1035.44
1541,-976.551,1482.17,1035.42
1542,-976.288,1484.82,1035.38
1543,-976.001,1487.55,1035.34
1544,-975.771,1490.18,1035.32
1545,-975.538,1492.82,1035.32
1546,-975.256,1495.47,1035.25
1547,-975.037,1498.18,1035.22
1548,-974.796,1500.69,1035.08
1549,-974.603,1503.37,1035.08
1550,-974.374,1505.78,1035.01
1551,-974.157,1508.16,1034.92
1552,-973.945,1510.68,1034.93
1553,-973.682,1512.86,1034.72
1554,-973.467,1515.39,1034.76
1555,-973.178,1517.78,1034.58
1556,-972.875,1520.15,1034.48
1557,-972.625,1522.37,1034.35
1558,-972.37,1524.82,1034.36
1559,-971.994,1526.97,1034.18
1560,-971.701,1529.04,1034.01
1561,-971.392,1531.28,1033.91
1562,-971.184,1533.36,1033.84
1563,-970.895,1535.57,1033.73
1564,-970.492,1537.54,1033.51
1565,-970.264,1539.57,1033.38
1566,-970.002,1541.76,1033.31
1567,-969.653,1543.78,1033.15
1568,-969.426,1545.68,1032.99
1569,-969.244,1547.65,1032.95
1570,-968.943,1549.48,1032.68
1571,-968.658,1551.39,1032.47
1572,-968.323,1553.23,1032.33
1573,-968.061,1554.97,1032.14
1574,-967.799,1556.92,1031.99
1575,-967.588,1558.69,1031.84
1576,-967.162,1560.36,1031.59
1577,-966.9,1562.02,1031.42
1578,-966.563,1563.71,1031.22
1579,-966.248,1565.21,1030.94
1580,-965.883,1566.9,1030.75
1581,-965.606,1568.58,1030.62
1582,-965.244,1570.2,1030.44
1583,-964.839,1571.62,1030.11
1584,-964.539,1573.14,1029.96
1585,-964.236,1574.64,1029.74
1586,-963.858,1576.08,1029.45
1587,-963.461,1577.51,1029.21
1588,-963.054,1578.91,1028.84
1589,-962.638,1580.46,1028.61
1590,-962.11,1581.7,1028.02
1591,-961.669,1583.18,1027.48
1592,-961.026,1584.75,1026.86
1593,-960.45,1586.18,1026.01
1594,-959.887,1587.74,1025.23
1595,-959.145,1589.04,1023.98
1596,-958.544,1590.45,1022.76
1597,-957.937,1591.78,1021.4
1598,-957.18,1593.14,1019.82
1599,-956.588,1594.21,1017.98
1600,-955.931,1595.61,1016.22
1601,-955.189,1596.83,1014.17
1602,-954.601,1597.97,1012.02
1603,-953.94,1599.23,1009.84
1604,-953.194,1600.2,1007.19
1605,-952.527,1601.35,1004.64
1606,-951.808,1602.52,1001.97
1607,-951.253,1603.53,999.101
1608,-950.553,1604.69,996.199
1609,-949.816,1605.88,993.192
1610,-949,1606.81,989.795
1611,-948.187,1608.02,986.525
1612,-947.397,1609.01,983.137
1613,-946.471,1610.01,979.531
1614,-945.602,1611.09,975.986
1615,-944.664,1612.12,972.327
1616,-943.738,1613.04,968.442
1617,-942.838,1614.18,964.818
1618,-941.707,1615.23,960.822
1619,-940.661,1616.29,956.903
1620,-939.574,1617.32,952.902
1621,-938.514,1618.33,948.842
1622,-937.394,1619.3,944.734
1623,-936.162,1620.3,940.61
1624,-934.867,1621.09,936.193
1625,-933.7,1621.9,931.95
1626,-932.451,1622.81,927.633
1627,-931.32,1623.67,923.393
1628,-929.963,1624.72,919.014
1629,-928.586,1625.6,914.658
1630,-927.152,1626.48,910.109
1631,-925.711,1627.29,905.59
1632,-924.172,1628.2,901.061
1633,-922.723,1629.01,896.575
1634,-921.167,1629.87,892.043
1635,-919.53,1630.77,887.482
1636,-917.934,1631.7,882.917
1637,-916.169,1632.59,878.216
1638,-914.448,1633.37,873.551
1639,-912.816,1634.37,869.211
1640,-911.001,1635.12,864.368
1641,-909.298,1635.87,859.65
1642,-907.441,1636.56,854.873
1643,-905.529,1637.4,850.094
1644,-903.652,1638.25,845.459
1645,-901.657,1638.97,840.774
1646,-899.767,1639.87,836.336
1647,-897.779,1640.71,831.501
1648,-894.898,1642.2,824.953
1649,-892.873,1643.03,820.057
1650,-890.733,1643.81,815.353
1651,-888.539,1644.51,810.513
1652,-886.229,1645.36,805.774
1653,-884.075,1646.11,801.043
1654,-881.928,1646.81,796.33
1655,-879.705,1647.44,791.518
1656,-877.403,1648.11,786.791
1657,-875.272,1648.31,782.551
1658,-872.883,1649.04,777.675
1659,-870.58,1649.74,772.912
1660,-868.156,1650.42,768.22
1661,-865.808,1651,763.487
1662,-863.235,1651.64,758.664
1663,-860.763,1652.34,753.95
1664,-858.22,1652.97,749.16
1665,-855.593,1653.45,744.557
1666,-853.641,1653.95,740.454
1667,-850.743,1654.6,735.463
1668,-848.241,1655.18,730.82
1669,-845.675,1655.7,726.075
1670,-842.744,1656.2,721.255
1671,-840.023,1656.89,716.587
1672,-837.253,1657.45,711.745
1673,-834.364,1657.91,706.989
1674,-831.498,1658.5,702.232
1675,-828.622,1659.08,697.478
1676,-825.695,1659.66,692.678
1677,-822.809,1660.17,688.005
1678,-819.728,1660.66,683.318
1679,-816.705,1661.18,678.57
1680,-813.731,1661.88,673.785
1681,-810.545,1662.16,669.023
1682,-807.512,1662.67,664.426
1683,-804.354,1663.17,659.607
1684,-801.272,1663.62,654.845
1685,-797.872,1664.05,650.177
1686,-794.775,1664.33,645.543
1687,-791.38,1664.41,641.081
1688,-788.159,1664.93,636.274
1689,-784.599,1665.27,631.637
1690,-781.416,1665.62,626.984
1691,-777.886,1666.14,622.328
1692,-774.617,1666.76,617.509
1693,-771.033,1666.87,612.979
1694,-767.557,1667.33,608.328
1695,-764.191,1667.55,603.718
1696,-760.671,1667.92,599.184
1697,-757.301,1668.08,594.731
1698,-753.611,1668.6,589.826
1699,-749.886,1668.85,585.283
1700,-746.355,1669.13,580.867
1701,-742.734,1669.43,576.392
1702,-739.129,1669.69,571.809
1703,-735.432,1669.9,567.384
1704,-731.546,1670.38,562.614
1705,-727.933,1670.63,558.522
1706,-723.935,1670.86,554.071
1707,-720.177,1670.91,549.891
1708,-716.185,1671.38,545.306
1709,-712.202,1671.35,540.994
1710,-708.174,1671.7,536.772
1711,-704.159,1671.85,532.513
1712,-700.256,1672.07,528.373
1713,-696.131,1672.18,524.28
1714,-692.078,1672.39,520.12
1715,-688.032,1672.58,515.996
1716,-683.88,1672.51,512.072
1717,-679.595,1672.73,507.942
1718,-675.259,1673,503.797
1719,-671.072,1673.02,500.052
1720,-666.783,1673.33,495.933
1721,-662.527,1673.4,492.14
1722,-658.162,1673.22,488.646
1723,-653.845,1673.41,484.646
1724,-649.56,1673.6,480.871
1725,-645.107,1673.87,476.883
1726,-640.606,1674.09,473.201
1727,-636.125,1674.25,469.341
1728,-631.531,1674,465.756
1729,-627.134,1674.16,462.134
1730,-622.647,1674.19,458.351
1731,-618.1,1673.88,454.933
1732,-613.561,1674.07,451.106
1733,-609.013,1674.11,447.621
1734,-604.436,1673.95,444.101
1735,-599.713,1673.82,440.36
1736,-595.038,1673.86,436.807
1737,-590.32,1673.55,433.598
1738,-585.711,1673.54,430.26
1739,-580.883,1673.81,426.547
1740,-575.882,1673.54,423.298
1741,-570.978,1673.5,419.95
1742,-566.062,1673.48,416.617
1743,-560.946,1673.15,413.385
1744,-556.01,1672.97,410.235
1745,-551.005,1673.02,406.808
1746,-545.765,1672.85,403.126
1747,-540.728,1672.69,400.221
1748,-535.706,1671.93,397.361
1749,-530.712,1671.84,394.221
1750,-525.69,1671.41,390.925
1751,-520.53,1671.18,387.746
1752,-515.212,1670.85,384.757
1753,-510.038,1670.34,381.635
1754,-504.875,1670.08,378.429
1755,-499.454,1669.51,375.613
1756,-494.17,1669.19,372.554
1757,-488.876,1668.65,369.604
1758,-483.492,1668.22,366.498
1759,-478.128,1668.03,363.479
1760,-472.557,1667.55,360.737
1761,-466.864,1667.23,357.8
1762,-461.305,1666.9,354.828
1763,-455.757,1666.76,352.07
1764,-450.037,1666.1,349.152
1765,-444.601,1665.84,346.331
1766,-438.644,1665.55,343.444
1767,-432.922,1665.19,340.391
1768,-427.595,1664.63,338.336
1769,-421.998,1664.09,335.473
1770,-415.953,1663.8,332.41
1771,-410.412,1663.42,329.498
1772,-404.262,1662.84,326.855
1773,-398.376,1662.38,323.908
1774,-392.431,1661.76,321.101
1775,-386.388,1661.06,318.473
1776,-380.096,1660.53,315.548
1777,-374.003,1660.04,312.821
1778,-367.829,1659.21,310.284
1779,-361.715,1658.7,307.572
1780,-355.093,1657.76,304.899
1781,-349.301,1657.34,302.497
1782,-343.046,1656.8,299.71
1783,-336.755,1656.24,297.204
1784,-330.312,1655.56,294.641
1785,-323.842,1655.28,292.021
1786,-317.331,1654.34,289.424
1787,-310.768,1653.59,286.955
1788,-304.338,1653.13,284.056
1789,-298.071,1652.41,281.398
1790,-291.307,1651.86,278.373
1791,-284.581,1651.18,275.256
1792,-277.972,1650.55,271.99
1793,-271.262,1649.87,268.384
1794,-264.413,1649.31,264.545
1795,-257.45,1648.57,260.602
1796,-250.777,1647.78,256.649
1797,-243.635,1646.87,252.597
1798,-236.698,1646.05,248.488
1799,-230.029,1645.51,244.001
1800,-222.922,1644.5,240.14
1801,-216.086,1643.75,235.927
1802,-209.166,1642.95,231.841
1803,-201.816,1642.08,227.792
1804,-194.868,1641.41,223.923
1805,-187.691,1640.54,220.317
1806,-180.809,1640.06,216.77
1807,-173.528,1638.98,213.48
1808,-166.298,1638.22,210.238
1809,-159.385,1637.54,207.02
1810,-151.613,1635.93,206.414
1811,-146,1636.25,206.302
1812,-140.268,1636.75,207.162
1813,-136.045,1636.88,208.512
1814,-131.575,1636.91,210.73
1815,-127.894,1635.89,213.798
1816,-123.626,1635.11,217.264
1817,-120.025,1634.07,220.031
1818,-116.146,1633.23,222.894
1819,-113.329,1632.59,225.341
1820,-110.011,1631.85,228.168
1821,-106.773,1631.17,231.116
1822,-103.722,1630.44,234.228
1823,-100.678,1629.83,237.395
1824,-98.3185,1629.05,240.38
1825,-96.3869,1630.11,242.075
1826,-94.144,1629.55,244.901
1827,-91.6406,1629.1,247.85
1828,-89.4699,1628.68,250.429
1829,-87.1459,1628.02,253.105
1830,-85.1484,1627.74,255.324
1831,-83.0052,1627.16,257.615
1832,-80.9003,1626.72,259.6
1833,-78.4332,1626.46,261.315
1834,-75.9984,1625.99,263.06
1835,-73.4707,1625.76,264.483
1836,-70.7393,1625.33,265.751
1837,-68.0481,1624.59,266.673
1838,-64.8592,1624.13,267.691
1839,-61.8066,1623.77,268.393
1840,-58.3569,1623.09,269.167
1841,-55.0336,1622.41,269.395
1842,-51.1501,1622.03,269.527
1843,-47.5013,1621.01,269.508
1844,-43.3252,1620.44,269.7
1845,-39.2184,1619.9,269.355
1846,-35.3006,1619.04,268.985
1847,-30.7251,1618.2,268.41
1848,-26.2555,1617.61,267.754
1849,-21.9674,1616.9,266.8
1850,-17.6879,1615.59,265.972
1851,-13.2563,1614.84,264.944
1852,-8.99776,1613.76,263.551
1853,-4.69063,1613.24,262.233
1854,0.0415582,1611.99,261.214
1855,4.80462,1611.25,259.966
1856,9.52855,1610.29,258.461
1857,13.9334,1609.56,256.779
1858,18.5369,1608.71,254.983
1859,23.6453,1607.72,253.355
1860,28.0443,1606.78,251.815
1861,32.8619,1605.84,250.051
1862,37.5817,1604.92,248.247
1863,42.4023,1603.97,246.235
1864,47.0843,1602.97,244.301
1865,52.051,1602.04,242.305
1866,56.8564,1600.91,240.179
1867,61.896,1599.49,238.195
1868,66.594,1598.6,235.612
1869,71.382,1597.54,233.12
1870,76.3743,1596.44,230.398
1871,81.187,1595.58,226.83
1872,86.055,1594.7,223.387
1873,90.9542,1593.34,219.797
1874,95.9406,1592.13,215.736
1875,101.006,1591.01,211.598
1876,105.919,1590.01,207.201
1877,110.821,1588.85,202.553
1878,115.565,1588.54,198.919
1879,120.91,1587.37,200.211
1880,123.558,1588.78,201.828
1881,126.229,1589.79,203.958
1882,128.084,1591.54,204.975
1883,130.498,1591.77,207.391
1884,133.452,1591.79,209.979
1885,136.261,1591.97,212.625
1886,138.611,1591.78,215.142
1887,141.688,1591.34,217.877
1888,144.188,1591.46,220.285
1889,146.784,1590.85,222.889
1890,150.106,1590.48,225.797
1891,152.876,1590.19,228.015
1892,155.504,1589.78,230.369
1893,158.509,1589.3,233.19
1894,161.25,1589.58,234.918
1895,163.882,1589.6,236.641
1896,166.773,1589.54,238.429
1897,169.429,1589.54,240.144
1898,172.195,1589.6,241.504
1899,175.083,1589.83,242.64
1900,177.997,1589.81,243.98
1901,181.094,1590.09,244.872
1902,183.919,1590.19,245.636
1903,186.917,1590.6,246.144
1904,189.982,1590.84,246.381
1905,193.114,1590.6,246.881
1906,196.346,1590.73,246.947
1907,199.541,1591.01,246.806
1908,202.776,1591.19,246.538
1909,206.51,1590.95,246.264
1910,209.734,1591.22,245.256
1911,213.341,1590.86,244.861
1912,216.574,1590.79,243.694
1913,220.585,1590.77,242.779
1914,224.109,1590.86,241.904
1915,227.854,1590.54,240.847
1916,231.849,1590.24,239.759
1917,235.701,1589.75,238.337
1918,239.433,1589.62,236.642
1919,243.568,1589.25,235.105
1920,247.211,1589.19,232.641
1921,251.232,1588.54,230.775
1922,255.655,1587.88,228.585
1923,259.484,1587.45,225.581
1924,263.304,1587.04,222.667
1925,267.717,1586.48,219.339
1926,271.815,1586.01,215.778
1927,275.998,1585.71,211.552
1928,280.145,1585.35,207.065
1929,284.269,1584.89,202.318
1930,288.46,1584.68,198.132
1931,291.4,1585.47,195.816
1932,291.767,1587.13,195.873
1933,291.001,1588.96,197.993
1934,290.531,1589.97,200.265
1935,289.668,1590.92,202.246
1936,289.337,1591.3,204.468
1937,289.013,1592,206.602
1938,288.411,1592.93,208.46
1939,288.009,1593.4,210.387
1940,287.872,1593.91,212.625
1941,287.52,1594.19,214.474
1942,287.169,1594.8,216.012
1943,287.051,1595.22,217.852
1944,286.714,1595.39,219.364
1945,286.658,1595.75,221.182
1946,286.13,1596.61,222.294
1947,285.829,1596.9,223.913
1948,285.58,1598.1,224.709
1949,285.3,1598.63,225.94
1950,284.914,1599.38,226.861
1951,284.604,1600.36,227.507
1952,284.276,1601.13,228.234
1953,283.998,1601.6,228.69
1954,283.626,1602.56,228.844
1955,283.393,1603.52,229.042
1956,283.087,1604.49,229.005
1957,282.877,1605.13,229.033
1958,282.743,1606.13,228.618
1959,282.397,1606.41,228.5
1960,282.291,1607.08,227.985
1961,282.267,1607.8,227.416
1962,282.221,1608.42,226.545
1963,282.167,1609.19,225.292
1964,282.279,1609.69,224.44
1965,282.532,1610.14,223.593
1966,282.649,1610.17,222.464
1967,283.036,1610.71,221.298
1968,283.25,1611.41,219.923
1969,283.6,1611.74,218.646
1970,284.05,1612,217.028
1971,284.31,1612.74,214.973
1972,284.736,1612.91,213.417
1973,285.421,1613.61,210.996
1974,285.875,1613.88,208.594
1975,286.426,1614.06,206.052
1976,286.925,1614.67,203.021
1977,287.485,1615.14,199.683
1978,287.615,1616.23,196.657
1979,286.678,1617.37,195.35
1980,284.263,1618.12,195.792
1981,281.581,1618.7,196.262
1982,279.532,1619,196.761
1983,277.7,1618.61,197.655
1984,276.114,1618.4,198.475
1985,274.678,1618.67,198.653
1986,273.575,1618.76,199.043
1987,272.655,1618.96,199.108
1988,271.814,1619.28,198.691
1989,271.287,1619.68,198.318
1990,271.13,1619.82,197.922
1991,271.461,1619.75,197.82
1992,272.045,1619.85,197.363
1993,273.067,1619.86,196.95
1994,274.326,1620.21,196.379
1995,275.551,1620.87,195.759
1996,276.949,1621.44,195.457
1997,278.101,1621.71,195.651
1998,278.986,1622.03,195.87
1999,279.656,1621.87,196.13
2000,280.194,1621.89,196.15
2001,280.628,1621.62,196.249
2002,280.651,1621.92,195.661
2003,280.546,1621.79,195.637
2004,280.358,1621.68,195.804
2005,279.953,1621.83,195.656
2006,279.588,1621.75,195.717
2007,279.269,1621.79,195.765
2008,278.77,1621.98,195.501
2009,278.484,1621.88,195.604
2010,278.29,1621.78,195.661
2011,278.194,1622.03,195.411
2012,278.39,1621.84,195.642
2013,278.458,1622.03,195.449
2014,278.678,1622.06,195.384
2015,278.916,1621.76,195.728
2016,279.054,1621.87,195.51
2017,279.259,1621.84,195.744
2018,279.189,1621.94,195.561
2019,279.161,1621.9,195.595
2020,279.138,1621.93,195.599
2021,279.143,1621.89,195.635
2022,279.092,1621.77,195.699
2023,279.167,1621.94,195.625
2024,279.013,1622.1,195.39
2025,279.151,1621.98,195.563
2026,279.219,1622.2,195.326
2027,279.172,1622.13,195.389
2028,279.234,1622.08,195.463
2029,279.226,1622.15,195.353
2030,279.295,1621.89,195.565
2031,279.21,1622.1,195.461
2032,279.253,1621.82,195.641
2033,279.074,1622.01,195.427
2034,279.165,1622.02,195.421
2035,279.206,1621.84,195.586
2036,279.141,1621.97,195.426
2037,279.31,1621.83,195.627
2038,279.227,1622.06,195.448
2039,279.264,1621.88,195.606
2040,279.207,1622.03,195.41
2041,279.17,1622.12,195.34
2042,279.232,1621.9,195.561
2043,279.117,1622.11,195.299
2044,279.199,1622.01,195.504
2045,279.212,1621.97,195.486
2046,279.128,1622,195.388
2047,279.268,1621.9,195.653
2048,279.279,1621.95,195.56
2049,279.33,1621.82,195.681
2050,279.323,1622,195.483
2051,279.318,1621.89,195.608
2052,279.262,1621.83,195.73
2053,279.313,1621.85,195.664
2054,279.247,1621.95,195.52
2055,279.187,1622.01,195.383
2056,279.283,1621.77,195.638
2057,279.272,1621.84,195.639
2058,279.282,1622,195.547
2059,279.301,1621.91,195.557
2060,279.204,1622.17,195.299
2061,279.226,1622.26,195.241
2062,279.309,1621.82,195.655
2063,279.182,1622.03,195.386
2064,279.208,1621.82,195.547
2065,279.208,1622.06,195.404
2066,279.225,1622.07,195.32
2067,279.332,1621.76,195.719
2068,279.282,1621.87,195.617
2069,279.265,1621.92,195.583
2070,279.346,1621.91,195.611
2071,279.284,1621.94,195.454
2072,279.286,1621.98,195.431
2073,279.328,1621.98,195.452
2074,279.288,1621.91,195.571
2075,279.333,1621.86,195.587
2076,279.301,1621.92,195.519
2077,279.37,1622.03,195.419
2078,279.33,1621.94,195.472
2079,279.296,1621.91,195.507
2080,279.393,1621.96,195.44
2081,279.263,1621.98,195.377
2082,279.223,1622.11,195.279
2083,279.261,1622.1,195.281
2084,279.197,1622.11,195.184
2085,279.349,1621.99,195.442
2086,279.393,1621.78,195.634
2087,279.396,1621.97,195.422
2088,279.325,1621.86,195.502
2089,279.318,1621.82,195.54
2090,279.347,1621.85,195.476
2091,279.333,1621.91,195.466
2092,279.353,1621.92,195.425
2093,279.374,1621.91,195.467
2094,279.425,1621.84,195.617
2095,279.414,1621.76,195.475
2096,279.326,1622.17,195.148
2097,279.363,1621.88,195.481
2098,279.382,1621.92,195.431
2099,279.298,1622.05,195.269
2100,279.274,1622.04,195.339
2101,279.321,1621.81,195.595
2102,279.394,1622,195.352
2103,279.341,1622.2,195.188
2104,279.249,1621.99,195.362
2105,279.336,1621.87,195.543
2106,279.256,1622.21,195.15
2107,279.326,1621.93,195.454
2108,279.311,1621.87,195.504
2109,279.307,1621.9,195.49
2110,279.366,1621.95,195.49
2111,279.394,1621.99,195.409
2112,279.306,1622.03,195.384
2113,279.378,1621.9,195.434
2114,279.247,1621.95,195.364
2115,279.414,1621.8,195.637
2116,279.343,1621.8,195.559
2117,279.326,1621.97,195.4
2118,279.368,1622.04,195.344
2119,279.328,1621.96,195.528
2120,279.317,1622.02,195.406
2121,279.275,1622.13,195.215
2122,279.337,1621.93,195.481
2123,279.315,1621.86,195.552
2124,279.376,1621.94,195.492
2125,279.282,1621.94,195.388
2126,279.31,1621.97,195.417
2127,279.248,1622.05,195.359
2128,279.327,1621.94,195.426
2129,279.322,1621.98,195.385
2130,279.302,1621.81,195.55
2131,279.366,1621.89,195.425
2132,279.384,1621.86,195.509
2133,279.354,1622.06,195.313
2134,279.312,1621.87,195.485
2135,279.324,1621.89,195.58
2136,279.366,1621.87,195.456
2137,279.339,1621.99,195.381
2138,279.366,1621.81,195.484
2139,279.339,1621.81,195.547
2140,279.211,1622.08,195.234
2141,279.248,1622.01,195.309
2142,279.151,1621.96,195.426
2143,279.283,1621.9,195.527
2144,279.25,1622.06,195.358
2145,279.427,1621.89,195.49
2146,279.313,1622,195.481
2147,279.391,1621.86,195.699
2148,279.348,1621.86,195.655
2149,279.353,1621.91,195.623
2150,279.42,1621.97,195.544
2151,279.335,1621.85,195.741
2152,279.3,1622.01,195.533
2153,279.355,1621.94,195.718
2154,279.29,1622.09,195.63
2155,279.412,1622.04,195.701
2156,279.488,1622.09,195.518
2157,279.49,1622.05,195.664
2158,279.402,1622.33,195.394
2159,279.441,1622.07,195.589
2160,279.346,1622.11,195.564
2161,279.349,1622.06,195.6
2162,279.314,1622,195.565
2163,279.349,1622.35,195.391
2164,279.328,1622.05,195.62
2165,279.407,1622.29,195.502
2166,279.33,1621.84,195.789
2167,279.406,1622.04,195.613
2168,279.408,1621.97,195.618
2169,279.502,1622.06,195.603
2170,279.478,1622.02,195.649
2171,279.503,1622.13,195.479
2172,279.59,1622.17,195.59
2173,279.623,1622.02,195.64
2174,279.629,1622.2,195.497
2175,279.671,1622.13,195.737
2176,279.826,1622.01,195.891
2177,279.659,1622.1,195.746
2178,279.706,1622.2,195.574
2179,279.852,1622.13,195.769
2180,279.96,1622.27,195.714
2181,280.08,1622.14,195.916
2182,280.192,1622.28,195.897
2183,280.279,1622.22,195.915
2184,280.423,1622.38,195.886
2185,280.545,1622.2,196.046
2186,280.761,1622.22,196.058
2187,280.871,1622.03,196.351
2188,280.924,1622.17,196.355
2189,281.197,1622.2,196.522
2190,281.457,1622.25,196.685
2191,281.644,1622.17,196.841
2192,281.973,1622.52,196.945
2193,282.207,1622.55,196.994
2194,282.785,1622.44,197.218
2195,283.2,1622.46,197.396
2196,283.644,1622.76,197.495
2197,284.157,1622.61,198.028
2198,284.584,1622.73,198.18
2199,285.047,1622.83,198.213
2200,285.609,1622.49,198.63
2201,286.16,1622.55,198.914
2202,286.599,1622.45,199.135
2203,287.092,1622.3,199.318
2204,287.516,1622.48,199.34
2205,287.896,1622.51,199.52
2206,288.632,1622.46,199.838
2207,289.176,1622.39,200.322
2208,289.84,1622.33,200.63
2209,290.568,1622.29,201.204
2210,291.189,1622.35,201.914
2211,291.792,1622.7,202.398
2212,292.652,1622.44,203.508
2213,293.573,1622.15,204.827
2214,294.344,1622.2,205.882
2215,294.929,1622.52,206.934
2216,295.837,1622.58,208.261
2217,296.714,1622.24,210.031
2218,297.504,1622.39,211.722
2219,298.374,1622.33,213.721
2220,299.468,1621.62,216.084
2221,300.51,1621.68,217.986
2222,301.767,1621.5,220.789
2223,302.937,1621.28,223.322
2224,304.085,1621.44,226.162
2225,305.35,1621.21,229.086
2226,306.716,1621.47,231.95
2227,308.175,1621.18,235.608
2228,309.628,1621.35,238.773
2229,311.108,1620.97,242.678
2230,312.548,1620.97,246.125
2231,314.027,1620.74,250.069
2232,315.54,1620.72,253.822
2233,317.391,1620.36,258.378
2234,318.865,1620.74,262.193
2235,320.466,1620.63,266.364
2236,322.019,1620.1,270.987
2237,323.777,1619.96,275.254
2238,325.639,1619.69,279.764
2239,327.326,1619.69,284.286
2240,328.968,1619.6,288.967
2241,330.924,1619.33,293.767
2242,332.706,1619.29,298.5
2243,334.655,1618.92,303.136
2244,336.756,1618.59,308.075
2245,338.705,1618.38,312.716
2246,340.779,1618.24,317.285
2247,343.095,1617.53,322.421
2248,345.187,1617.29,327.098
2249,347.527,1616.83,331.72
2250,349.839,1616.36,336.264
2251,352.263,1615.93,340.781
2252,354.781,1615.16,345.397
2253,357.218,1614.6,349.834
2254,359.832,1614.39,353.858
2255,362.345,1613.93,358.163
2256,365.002,1613.53,362.641
2257,367.652,1613.33,366.6
2258,370.195,1612.91,371.214
2259,372.901,1612.48,375.177
2260,375.662,1612.33,379.301
2261,378.231,1612.01,382.822
2262,381.002,1611.86,386.679
2263,383.808,1611.29,390.48
2264,386.75,1610.95,394.366
2265,389.758,1610.55,397.864
2266,392.811,1609.85,401.56
2267,395.882,1609.29,404.907
2268,399.017,1608.91,407.858
2269,402.26,1608.33,411.052
2270,405.509,1607.66,413.931
2271,408.787,1606.99,416.815
2272,412,1606.71,419.221
2273,415.498,1605.87,421.776
2274,419.035,1605.07,424.31
2275,422.351,1604.33,426.346
2276,426.056,1603.69,428.234
2277,429.52,1602.98,429.965
2278,433.128,1602.46,431.451
2279,436.859,1601.7,432.875
2280,440.453,1601.15,433.926
2281,444.156,1600.4,434.702
2282,447.92,1599.65,435.554
2283,451.675,1598.8,435.942
2284,455.611,1598.41,435.929
2285,459.452,1597.46,436.219
2286,463.118,1596.82,435.725
2287,467.089,1596.03,435.234
2288,470.947,1595.2,434.506
2289,474.96,1594.54,433.491
2290,478.992,1593.77,432.146
2291,482.826,1592.97,430.687
2292,486.933,1592.09,428.994
2293,491.017,1591.4,427.099
2294,495.057,1590.77,424.559
2295,499.195,1589.71,422.392
2296,503.398,1588.82,419.572
2297,507.596,1588.04,416.602
2298,511.901,1587.28,413.046
2299,516.192,1586.18,409.417
2300,520.497,1585.21,405.443
2301,524.996,1584.43,400.783
2302,529.319,1583.5,395.92
2303,533.76,1582.37,390.971
2304,538.218,1581.43,385.102
2305,542.788,1580.58,379.148
2306,547.285,1579.25,372.681
2307,551.863,1578.52,365.449
2308,556.531,1577.37,358.152
2309,561.254,1576.12,350.544
2310,565.799,1574.86,342.182
2311,570.481,1573.93,333.381
2312,575.179,1572.78,323.993
2313,579.97,1571.34,314.522
2314,584.718,1570.45,304.065
2315,589.517,1569.33,293.608
2316,594.286,1568,282.865
2317,599.009,1567,271.791
2318,603.833,1565.96,260.524
2319,608.478,1565.16,249.121
2320,613.092,1563.55,238.085
2321,617.935,1562.52,226.465
2322,622.872,1561.6,215.225
2323,627.573,1560.16,203.933
2324,632.26,1559.23,192.5
2325,635.726,1558.74,189.434
2326,635.408,1559.69,193.212
2327,635.268,1560.31,199.308
2328,635.616,1561.15,203.35
2329,635.758,1561.79,208.87
2330,636.345,1562.48,213.662
2331,637.022,1563.16,218.685
2332,637.453,1564.03,223.291
2333,638.313,1565.01,227.619
2334,639.111,1565.8,231.902
2335,640.757,1564.6,237.481
2336,641.805,1565.54,241.271
2337,642.882,1566.32,244.696
2338,643.87,1567.42,247.378
2339,645.058,1568.24,249.986
2340,646.323,1569.16,252.207
2341,647.76,1569.75,254.24
2342,649.217,1570.45,255.998
2343,650.792,1570.81,257.441
2344,651.792,1571.93,257.88
2345,653.225,1572.39,258.557
2346,654.659,1572.73,259.04
2347,655.874,1573.59,258.81
2348,657.058,1574.02,258.427
2349,658.427,1574.34,258.139
2350,659.441,1574.51,256.892
2351,660.542,1575.09,255.27
2352,661.446,1575.36,253.81
2353,662.532,1575.64,251.808
2354,663.645,1575.9,249.505
2355,664.297,1576.14,246.755
2356,665.199,1576.59,243.525
2357,666.218,1576.77,240.407
2358,667.269,1577.43,236.677
2359,668.544,1577.81,232.854
2360,669.656,1578.25,228.688
2361,671.101,1578.6,224.421
2362,672.462,1578.95,219.749
2363,674.084,1579.37,214.874
2364,675.673,1580.06,209.712
2365,677.459,1580.81,204.494
2366,679.536,1581.38,199.474
2367,681.297,1582.15,194.184
2368,681.727,1583.03,192.157
2369,679.82,1583.28,192.806
2370,677.086,1583.27,194.97
2371,675.065,1583.27,196.743
2372,673.112,1583.63,198.124
2373,671.422,1583.35,199.92
2374,669.48,1584.63,200.041
2375,667.869,1584.69,201.179
2376,666.674,1584.34,202.348
2377,665.43,1584.08,203.29
2378,664.246,1583.73,203.938
2379,663.156,1583.62,204.386
2380,662.14,1583.28,204.634
2381,661.195,1583.1,204.703
2382,660.287,1582.85,204.505
2383,659.422,1582.7,204.048
2384,658.645,1582.61,203.443
2385,657.786,1582.42,202.393
2386,657.009,1582.44,201.289
2387,656.213,1582.53,199.603
2388,655.388,1582.64,197.811
2389,654.771,1582.6,195.996
2390,653.704,1582.67,193.703
2391,652.751,1583.18,192.064
2392,651.194,1584.28,191.51
2393,649.357,1585.06,192.098
2394,647.523,1585.42,193.238
2395,646.441,1585.46,193.873
2396,645.291,1585.46,194.702
2397,644.329,1585.33,195.491
2398,643.485,1585.53,195.678
2399,642.698,1585.82,195.679
2400,642.052,1585.93,195.645
2401,641.767,1586.11,195.612
2402,641.348,1586.44,195.127
2403,641.118,1586.91,194.678
2404,641.144,1587.49,194.007
2405,641.191,1588.19,192.981
2406,641.29,1588.52,192.266
2407,641.516,1589.1,192.096
2408,641.855,1589.95,192.035
2409,642.094,1590.11,192.512
2410,642.967,1588.48,194.435
2411,643.114,1588.76,194.558
2412,643.181,1588.95,194.434
2413,643.106,1590.08,193.117
2414,643.341,1590,192.972
2415,643.658,1589.95,192.837
2416,643.855,1590.15,192.665
2417,643.841,1590.68,192.422
2418,643.874,1591.18,192.254
2419,643.922,1591.25,192.261
2420,643.936,1591.45,192.266
2421,643.869,1591.5,192.296
2422,644.612,1589.8,193.953
2423,644.624,1589.69,193.941
2424,644.723,1589.7,194.035
2425,644.787,1589.64,194.055
2426,644.885,1589.7,194.033
2427,644.972,1589.79,194.077
2428,644.278,1591.35,192.458
2429,644.454,1591.22,192.67
2430,644.52,1591.31,192.684
2431,644.63,1591.31,192.78
2432,644.807,1591.24,192.915
2433,644.872,1591.31,192.847
2434,644.975,1591.29,192.776
2435,645.102,1591.32,192.823
2436,645.276,1591.26,192.823
2437,645.413,1591.16,192.757
2438,645.385,1591.32,192.627
2439,645.469,1591.35,192.532
2440,645.481,1591.38,192.431
2441,645.323,1591.36,192.353
2442,645.084,1591.35,192.361
2443,644.858,1591.49,192.44
2444,644.652,1591.39,192.626
2445,644.528,1591.42,192.663
2446,644.4,1591.49,192.614
2447,644.543,1591.3,192.841
2448,644.67,1591.39,192.795
2449,644.731,1591.37,192.733
2450,644.906,1591.4,192.823
2451,645.175,1591.32,193.018
2452,645.497,1591.29,193.178
2453,645.833,1591.4,193.226
2454,646.22,1591.4,193.456
2455,646.691,1591.29,193.821
2456,647.206,1591.27,194.072
2457,647.763,1590.85,194.545
2458,648.226,1590.78,194.981
2459,648.639,1590.8,195.332
2460,649.079,1590.64,195.735
2461,649.557,1590.51,196.332
2462,650.06,1590.36,196.898
2463,650.588,1590.15,197.394
2464,651.67,1588.92,199.317
2465,652.172,1588.95,199.709
2466,652.83,1588.75,200.251
2467,653.278,1588.82,200.769
2468,653.998,1588.51,201.522
2469,654.877,1588.24,202.125
2470,655.47,1588.55,202.682
2471,656.477,1588.05,203.606
2472,657.353,1587.81,204.489
2473,658.415,1587.24,205.946
2474,659.266,1586.9,206.932
2475,660.288,1586.7,208
2476,660.45,1588.27,207.392
2477,661.382,1588.1,208.64
2478,662.29,1587.62,210.01
2479,663.266,1587.47,211.394
2480,664.388,1587.16,212.511
2481,665.592,1586.8,214.007
2482,666.645,1586.83,215.259
2483,667.672,1586.41,216.793
2484,668.904,1585.76,218.762
2485,670.152,1585.82,220.002
2486,671.539,1585.63,221.49
2487,672.954,1585.27,223.003
2488,674.313,1584.95,224.811
2489,675.724,1584.36,226.632
2490,677.287,1583.62,228.924
2491,678.574,1583.72,230.452
2492,680.21,1583.15,232.492
2493,681.877,1582.61,234.504
2494,683.38,1582.43,236.369
2495,684.892,1582.21,238.254
2496,686.631,1581.91,240.353
2497,688.318,1581.46,242.388
2498,690.098,1580.94,244.575
2499,691.85,1580.24,246.908
2500,693.679,1579.91,249.12
2501,695.491,1579.33,251.263
2502,697.48,1579.22,253.443
2503,699.364,1578.42,255.968
2504,701.361,1577.86,258.046
2505,703.319,1577.35,260.511
2506,705.431,1576.95,262.534
2507,707.535,1576.21,265.096
2508,709.734,1575.62,267.499
2509,712.418,1573.41,271.293
2510,714.556,1573.02,273.46
2511,716.529,1572.87,275.427
2512,718.747,1572.36,277.845
2513,721.083,1571.67,280.121
2514,723.492,1571.09,282.411
2515,725.793,1570.38,284.839
2516,728.072,1570.01,286.973
2517,730.595,1569.07,289.135
2518,733.06,1568.7,291.264
2519,735.618,1567.93,293.446
2520,738.169,1567.37,295.452
2521,740.752,1566.54,297.4
2522,743.455,1565.7,299.384
2523,746.087,1565.12,301.493
2524,748.848,1564.55,303.274
2525,751.591,1563.91,305.12
2526,754.266,1563.21,307.007
2527,757.198,1562.29,308.715
2528,760.144,1561.46,310.619
2529,762.859,1560.97,311.988
2530,765.76,1560.36,313.592
2531,768.706,1559.68,315.212
2532,771.909,1558.96,316.575
2533,775.004,1558.23,317.801
2534,778.168,1557.65,319.048
2535,781.35,1556.61,320.087
2536,784.51,1555.79,321.013
2537,788.01,1554.75,322.004
2538,791.381,1553.6,323.053
2539,794.697,1552.96,323.596
2540,798.055,1552.04,324.175
2541,801.582,1550.77,324.924
2542,805.255,1549.83,325.471
2543,808.529,1548.8,325.652
2544,811.953,1547.89,325.888
2545,815.532,1547.03,326.094
2546,819.041,1545.95,326.124
2547,822.491,1545.26,326.065
2548,826.095,1544.09,325.876
2549,829.908,1542.97,325.593
2550,833.63,1542.05,325.163
2551,837.224,1541.27,324.655
2552,841.271,1539.94,324.101
2553,844.964,1538.96,323.447
2554,848.959,1537.95,322.404
2555,852.886,1536.8,321.669
2556,856.849,1535.62,320.51
2557,860.982,1534.71,319.273
2558,865.1,1533.67,317.95
2559,869.283,1532.4,316.527
2560,873.113,1531.64,314.838
2561,877.374,1530.4,313.247
2562,881.475,1529.25,311.618
2563,885.778,1528.08,309.886
2564,890.154,1526.78,308.008
2565,894.521,1525.64,306.07
2566,898.8,1524.37,303.997
2567,903.226,1523.27,301.863
2568,907.753,1521.82,299.631
2569,912.275,1520.72,297.267
2570,916.901,1519.26,294.863
2571,921.455,1517.95,292.298
2572,925.951,1516.55,289.743
2573,930.814,1515.22,287.241
2574,935.486,1513.71,284.339
2575,940.227,1512.49,281.483
2576,945.103,1511.09,278.898
2577,949.796,1509.83,275.769
2578,954.69,1508.33,272.505
2579,959.442,1507.06,269.378
2580,964.442,1505.64,266.066
2581,969.381,1504.27,262.744
2582,974.284,1503.03,259.373
2583,979.408,1501.5,255.904
2584,984.607,1499.6,252.455
2585,989.731,1498.37,248.889
2586,994.769,1496.9,245.189
2587,1000.21,1495.09,241.767
2588,1005.59,1493.34,238.005
2589,1011.03,1491.7,233.852
2590,1016.22,1489.99,230.214
2591,1021.55,1488.57,226.451
2592,1026.9,1487.02,222.368
2593,1032.23,1485.53,218.287
2594,1037.68,1483.99,214.22
2595,1043.2,1482.15,210.186
2596,1048.89,1480.51,206.103
2597,1054.62,1478.77,201.965
2598,1060.17,1477,197.719
2599,1065.75,1475.44,193.405
2600,1071.21,1474.44,189.762
2601,1075.37,1474.01,188.55
2602,1077.4,1474.3,189.856
2603,1079.26,1474.22,191.868
2604,1081.45,1473.67,194.138
2605,1082.86,1473.37,195.875
2606,1084.48,1472.84,198.053
2607,1086.48,1472.06,200.107
2608,1088.5,1471.17,202.111
2609,1090.34,1470.68,203.775
2610,1092.33,1469.97,204.981
2611,1094.26,1469.16,206.5
2612,1096.44,1468.4,207.929
2613,1098.36,1467.48,209.019
2614,1100.21,1466.68,209.762
2615,1102.16,1466.08,210.333
2616,1104.06,1465.47,210.759
2617,1105.68,1464.96,211.115
2618,1107.51,1464.49,211.154
2619,1109.22,1463.96,211.142
2620,1110.99,1463.29,210.75
2621,1112.53,1463.03,210.238
2622,1114.25,1462.27,209.538
2623,1115.78,1461.88,208.778
2624,1117.42,1461.43,207.636
2625,1118.96,1461.05,206.144
2626,1120.49,1460.44,204.475
2627,1122.14,1459.87,202.531
2628,1123.72,1459.46,200.529
2629,1125.47,1458.8,198.142
2630,1127.2,1458.51,195.257
2631,1129.14,1457.5,192.881
2632,1130.86,1457.13,190.619
2633,1131.99,1457.33,189.031
2634,1131.98,1457.86,188.868
2635,1131.59,1457.98,189.247
2636,1131.52,1457.94,189.782
2637,1131.57,1457.58,190.236
2638,1131.82,1457.01,190.511
2639,1132.4,1456.48,190.498
2640,1133.01,1456.1,190.768
2641,1134.11,1455.37,190.815
2642,1135.09,1455.04,190.457
2643,1136.15,1455.03,190.29
2644,1137.38,1455.22,190.119
2645,1138.55,1455.51,189.826
2646,1139.54,1455.8,189.793
2647,1140.45,1456.33,189.626
2648,1141.16,1456.67,189.864
2649,1141.68,1456.66,190.081
2650,1142.08,1456.61,190.196
2651,1142.39,1456.35,190.31
2652,1142.61,1456.22,190.299
2653,1142.58,1456.11,190.218
2654,1142.43,1456.06,190.079
2655,1142.03,1456.1,189.892
2656,1141.38,1456.2,189.601
2657,1140.63,1456.24,189.376
2658,1139.71,1456.23,189.139
2659,1138.6,1456.29,188.874
2660,1137.51,1456.41,188.465
2661,1136.34,1456.56,188.248
2662,1135.39,1456.72,188.457
2663,1134.8,1456.76,188.675
2664,1134.5,1456.81,188.822
2665,1134.28,1456.78,188.73
2666,1134.37,1456.84,188.464
2667,1134.77,1457.01,188.346
2668,1135.25,1457.11,188.353
2669,1135.74,1457.09,188.231
2670,1136.23,1456.99,188.285
2671,1136.54,1456.84,188.353
2672,1136.75,1456.78,188.326
2673,1136.81,1456.75,188.347
2674,1136.72,1456.72,188.297
2675,1136.56,1456.68,188.292
2676,1136.34,1456.86,188.161
2677,1136.19,1456.83,188.304
2678,1136.07,1456.93,188.18
2679,1135.99,1456.93,188.278
2680,1136.07,1456.92,188.215
2681,1136.1,1456.91,188.279
2682,1136.21,1456.85,188.178
2683,1136.27,1456.87,188.307
2684,1136.32,1456.82,188.246
2685,1136.33,1456.92,188.215
2686,1136.34,1456.81,188.247
2687,1136.3,1456.88,188.276
2688,1136.21,1456.82,188.26
2689,1136.2,1456.94,188.242
2690,1136.19,1456.9,188.271
2691,1136.17,1456.91,188.279
2692,1136.18,1456.91,188.24
2693,1136.2,1456.86,188.25
2694,1136.25,1456.87,188.288
2695,1136.32,1456.87,188.228
2696,1136.35,1456.84,188.291
2697,1136.31,1456.85,188.194
2698,1136.31,1456.86,188.292
2699,1136.28,1456.85,188.203
2700,1136.22,1456.92,188.139
2701,1136.22,1456.86,188.237
2702,1136.24,1456.82,188.19
2703,1136.22,1456.81,188.2
2704,1136.26,1456.9,188.213
2705,1136.32,1456.82,188.258
2706,1136.29,1456.82,188.212
2707,1136.32,1456.86,188.238
2708,1136.32,1456.86,188.241
2709,1136.31,1456.82,188.185
2710,1136.29,1456.85,188.204
2711,1136.3,1456.83,188.191
2712,1136.26,1456.83,188.185
2713,1136.3,1456.9,188.258
2714,1136.28,1456.84,188.2
2715,1136.26,1456.79,188.202
2716,1136.36,1456.72,188.385
2717,1136.36,1456.69,188.352
2718,1136.39,1456.74,188.369
2719,1136.41,1456.7,188.374
2720,1136.42,1456.73,188.398
2721,1136.44,1456.69,188.351
2722,1136.43,1456.7,188.411
2723,1136.41,1456.81,188.326
2724,1136.4,1456.71,188.386
2725,1136.41,1456.72,188.416
2726,1136.45,1456.71,188.352
2727,1136.41,1456.71,188.401
2728,1136.42,1456.7,188.349
2729,1136.45,1456.71,188.4
2730,1136.43,1456.72,188.414
2731,1136.42,1456.68,188.34
2732,1136.4,1456.73,188.402
2733,1136.41,1456.71,188.319
2734,1136.37,1456.65,188.358
2735,1136.34,1456.73,188.338
2736,1136.37,1456.7,188.351
2737,1136.38,1456.69,188.35
2738,1136.39,1456.73,188.322
2739,1136.38,1456.68,188.381
2740,1136.43,1456.67,188.358
2741,1136.37,1456.8,188.225
2742,1136.41,1456.7,188.376
2743,1136.38,1456.77,188.369
2744,1136.36,1456.76,188.394
2745,1136.43,1456.78,188.347
2746,1136.38,1456.67,188.324
2747,1136.37,1456.83,188.255
2748,1136.45,1456.72,188.336
2749,1136.4,1456.81,188.233
2750,1136.39,1456.7,188.326
2751,1136.38,1456.73,188.389
2752,1136.31,1456.87,188.196
2753,1136.34,1456.87,188.223
2754,1136.35,1456.84,188.219
2755,1136.38,1456.87,188.191
2756,1136.35,1456.85,188.214
2757,1136.45,1456.73,188.354
2758,1136.41,1456.7,188.383
2759,1136.4,1456.74,188.325
2760,1136.41,1456.66,188.341
2761,1136.4,1456.71,188.353
2762,1136.43,1456.67,188.324
2763,1136.41,1456.7,188.298
2764,1136.42,1456.71,188.335
2765,1136.41,1456.7,188.389
2766,1136.38,1456.7,188.342
2767,1136.34,1456.78,188.205
2768,1136.35,1456.68,188.315
2769,1136.28,1456.85,188.144
2770,1136.28,1456.9,188.244
2771,1136.28,1456.86,188.169
2772,1136.3,1456.84,188.189
2773,1136.35,1456.87,188.212
2774,1136.36,1456.85,188.198
2775,1136.32,1456.88,188.213
2776,1136.42,1456.69,188.315
2777,1136.42,1456.71,188.382
2778,1136.39,1456.7,188.328
2779,1136.4,1456.74,188.343
2780,1136.4,1456.73,188.363
2781,1136.36,1456.68,188.255
2782,1136.4,1456.73,188.344
2783,1136.36,1456.86,188.184
2784,1136.29,1456.83,188.174
2785,1136.33,1456.88,188.204
2786,1136.32,1456.86,188.192
2787,1136.27,1456.86,188.171
2788,1136.3,1456.92,188.154
2789,1136.29,1456.85,188.233
2790,1136.28,1456.85,188.138
2791,1136.33,1456.8,188.165
2792,1136.33,1456.86,188.186
2793,1136.32,1456.83,188.146
2794,1136.31,1456.88,188.246
2795,1136.35,1456.84,188.211
2796,1136.3,1456.84,188.174
2797,1136.31,1456.88,188.232
2798,1136.26,1456.97,188.147
2799,1136.28,1457,188.091
2800,1136.29,1456.86,188.176
2801,1136.31,1456.86,188.211
2802,1136.31,1456.87,188.12
2803,1136.36,1456.84,188.23
2804,1136.36,1456.88,188.186
2805,1136.35,1456.9,188.188
2806,1136.39,1456.71,188.32
2807,1136.42,1456.72,188.369
2808,1136.4,1456.72,188.392
2809,1136.38,1456.69,188.286
2810,1136.44,1456.71,188.373
2811,1136.43,1456.76,188.323
2812,1136.35,1457,188.12
2813,1136.38,1456.89,188.195
2814,1136.38,1456.87,188.203
2815,1136.39,1456.89,188.214
2816,1136.36,1456.91,188.195
2817,1136.32,1456.97,188.119
2818,1136.34,1456.88,188.169
2819,1136.37,1456.86,188.141
2820,1136.33,1456.87,188.185
2821,1136.37,1456.87,188.183
2822,1136.37,1456.9,188.195
2823,1136.35,1456.83,188.225
2824,1136.32,1456.84,188.169
2825,1136.3,1456.86,188.159
2826,1136.35,1456.86,188.202
2827,1136.36,1456.87,188.188
2828,1136.32,1456.84,188.113
2829,1136.33,1456.82,188.143
2830,1136.3,1456.86,188.161
2831,1136.29,1456.9,188.122
2832,1136.3,1456.83,188.194
2833,1136.29,1456.84,188.132
2834,1136.3,1456.86,188.169
2835,1136.33,1456.87,188.146
2836,1136.31,1456.88,188.156
2837,1136.32,1456.9,188.148
2838,1136.31,1456.91,188.129
2839,1136.31,1456.86,188.192
2840,1136.27,1456.9,188.099
2841,1136.35,1456.86,188.195
2842,1136.36,1456.89,188.201
2843,1136.3,1456.84,188.113
2844,1136.3,1456.89,188.201
2845,1136.33,1456.88,188.116
2846,1136.33,1456.86,188.171
2847,1136.36,1456.9,188.2
2848,1136.39,1456.89,188.141
2849,1136.33,1456.99,188.118
2850,1136.39,1456.83,188.145
2851,1136.36,1456.87,188.172
2852,1136.43,1456.74,188.258
2853,1136.44,1456.71,188.271
2854,1136.41,1456.72,188.276
2855,1136.44,1456.75,188.304
2856,1136.36,1456.82,188.221
2857,1136.39,1456.71,188.287
2858,1136.36,1456.68,188.305
2859,1136.36,1456.72,188.306
2860,1136.37,1456.7,188.321
2861,1136.37,1456.72,188.33
2862,1136.39,1456.73,188.338
2863,1136.26,1456.91,188.193
2864,1136.28,1456.83,188.154
2865,1136.3,1456.86,188.152
2866,1136.27,1456.9,188.142
2867,1136.3,1456.84,188.176
2868,1136.28,1456.88,188.166
2869,1136.33,1456.92,188.168
2870,1136.26,1456.87,188.146
2871,1136.34,1456.94,188.167
2872,1136.27,1456.95,188.093
2873,1136.27,1456.89,188.183
2874,1136.28,1456.89,188.222
2875,1136.25,1456.87,188.183
2876,1136.24,1456.89,188.144
2877,1136.24,1456.87,188.164
2878,1136.25,1456.84,188.146
2879,1136.21,1456.9,188.152
2880,1136.3,1456.88,188.136
2881,1136.33,1456.87,188.226
2882,1136.37,1456.76,188.328
2883,1136.37,1456.71,188.314
2884,1136.4,1456.75,188.385
2885,1136.34,1456.85,188.225
2886,1136.27,1456.83,188.177
2887,1136.26,1456.95,188.082
2888,1136.23,1456.86,188.227
2889,1136.24,1456.89,188.196
2890,1136.26,1456.87,188.115
2891,1136.29,1456.89,188.155
2892,1136.27,1456.85,188.142
2893,1136.29,1456.86,188.124
2894,1136.28,1456.88,188.171
2895,1136.24,1456.87,188.147
2896,1136.32,1456.87,188.173
2897,1136.27,1456.86,188.183
2898,1136.29,1456.88,188.204
2899,1136.29,1456.83,188.203
2900,1136.22,1456.9,188.166
2901,1136.27,1456.9,188.173
2902,1136.22,1456.84,188.158
2903,1136.25,1456.9,188.169
2904,1136.32,1456.67,188.304
2905,1136.33,1456.73,188.31
2906,1136.32,1456.73,188.29
2907,1136.32,1456.73,188.305
2908,1136.32,1456.73,188.328
2909,1136.3,1456.73,188.328
2910,1136.32,1456.74,188.3
2911,1136.32,1456.68,188.283
2912,1136.34,1456.68,188.31
2913,1136.32,1456.7,188.365
2914,1136.39,1456.73,188.329
2915,1136.3,1456.78,188.289
2916,1136.25,1456.93,188.164
2917,1136.24,1456.89,188.167
2918,1136.21,1456.89,188.187
2919,1136.24,1456.89,188.158
2920,1136.23,1456.85,188.189
2921,1136.24,1456.91,188.175
2922,1136.27,1456.83,188.137
2923,1136.24,1456.83,188.102
2924,1136.24,1456.86,188.144
2925,1136.26,1456.87,188.177
2926,1136.21,1456.9,188.139
2927,1136.19,1456.93,188.137
2928,1136.13,1456.9,188.105
2929,1136.14,1456.98,188.055
2930,1136.12,1456.84,188.099
2931,1136.17,1456.91,188.109
2932,1136.17,1456.89,188.101
2933,1136.14,1456.89,188.102
2934,1136.15,1456.9,188.098
2935,1136.11,1456.94,188.095
2936,1136.17,1456.9,188.08
2937,1135.95,1457.1,188.059
2938,1136.1,1456.92,188.071
2939,1136.06,1456.95,188.076
2940,1136.07,1456.94,188.049
2941,1136.04,1456.89,188.072
2942,1136.06,1456.95,188.093
2943,1136.11,1456.93,188.084
2944,1136.1,1456.9,188.037
2945,1136.07,1456.93,188.049
2946,1136.03,1456.9,188.064
2947,1136.04,1456.95,188.096
2948,1136.01,1456.92,188.043
2949,1136,1456.91,188.05
2950,1135.99,1456.97,188.061
2951,1135.98,1456.94,188.036
2952,1136.04,1456.94,188.093
2953,1136.01,1456.94,188.028
2954,1136.04,1456.93,188.057
2955,1136.03,1456.96,188.026
2956,1136.04,1456.92,188.037
2957,1136.02,1456.91,188.03
2958,1136.01,1456.94,188.062
2959,1136.05,1456.96,188.067
2960,1135.98,1457.03,187.964
2961,1136.04,1456.94,188.055
2962,1136.02,1456.96,188.076
2963,1136.01,1456.94,188.048
2964,1136.03,1456.9,188.073
2965,1136.02,1456.94,188.042
2966,1136.04,1456.9,188.03
2967,1136.04,1456.99,188.114
2968,1136.01,1456.94,188.092
2969,1135.98,1456.94,188.051
2970,1135.99,1456.94,188.11
2971,1135.98,1456.96,188.037
2972,1136.02,1457.01,188.094
2973,1135.99,1456.92,188.067
